suite,a,b,width_a,width_b,d_model,n_latents,n_mutual,frac_mutual,cos_median,cos_q25,cos_q75,cos_q05,cos_q95,band_0.50_0.60,band_0.60_0.70,band_0.70_0.80,band_0.80_0.90,band_0.90_1.00
9b,16k,16k*,16384,16384,3584,16384,13504,0.82421875,0.8727627992630005,0.7744370698928833,0.9196128249168396,0.6022088527679443,0.9604964256286621,3.835900473933649,8.69372037914692,16.37292654028436,33.44934834123222,36.64840047393365
9b,16k,32k,16384,32768,3584,16384,15821,0.96563720703125,0.8902890682220459,0.8143954277038574,0.939447283744812,0.6855875849723816,0.9743695259094238,1.0618797800391884,4.942797547563365,15.397256810568233,32.65912394918147,45.86309335693066
9b,16k,32k*,16384,32768,3584,16384,15917,0.97149658203125,0.8541086912155151,0.7621777057647705,0.9133361577987671,0.6262833476066589,0.9629787802696228,2.814600741345731,10.215492869259283,20.481246466042595,34.6359238549978,31.43180247534083
9b,16k,65k,16384,65536,3584,16384,16114,0.9835205078125,0.8448257446289062,0.7734917998313904,0.9104786515235901,0.670693576335907,0.9662012457847595,1.0860121633362294,7.446940548591287,25.10239543254313,37.50775722973812,28.73277894998138
9b,16k,65k*,16384,65536,3584,16384,16078,0.9813232421875,0.799498975276947,0.7146967053413391,0.8797616958618164,0.6073712110519409,0.9537815451622009,3.9183978106729698,17.10411742754074,28.71625824107476,30.78741136957333,19.03843761661898
9b,16k*,32k,16384,32768,3584,16384,14562,0.8887939453125,0.7743012309074402,0.6840404272079468,0.8525949716567993,0.5512056946754456,0.927635669708252,7.663782447466007,19.03584672435105,29.00013734377146,30.99162202994094,11.207251751133086
9b,16k*,32k*,16384,32768,3584,16384,16084,0.981689453125,0.8704380393028259,0.7687212228775024,0.9319671988487244,0.6210095286369324,0.972152590751648,2.965680179059935,9.51877642377518,18.533946779408108,28.487938323800048,39.84705297189754
9b,16k*,65k,16384,65536,3584,16384,15536,0.9482421875,0.749671220779419,0.6678698658943176,0.8355987071990967,0.5504513382911682,0.9212892055511475,8.998455200823892,23.12693099897013,31.005406797116375,25.347579814624098,9.365345005149331
9b,16k*,65k*,16384,65536,3584,16384,16172,0.987060546875,0.8050003051757812,0.7044702768325806,0.8943972587585449,0.5851191878318787,0.9579311609268188,5.769230769230769,17.357160524363096,24.882512985406876,27.86915656690576,23.299530051941627
9b,32k,32k*,32768,32768,3584,32768,25139,0.767181396484375,0.8312709331512451,0.7379037737846375,0.8906996846199036,0.5875813364982605,0.9440710544586182,4.725724969171407,11.93762679501969,22.36365806117984,39.15827996340347,20.724770277258443
9b,32k,65k,32768,65536,3584,32768,31804,0.9705810546875,0.9208774566650391,0.8511645793914795,0.9595710039138794,0.7251282334327698,0.9832043647766113,0.41504213306502324,2.9241604829581185,10.495535152810968,27.009181235064773,59.118349893095214
9b,32k,65k*,32768,65536,3584,32768,30339,0.925872802734375,0.8179515600204468,0.7314178943634033,0.8819782137870789,0.6027804017066956,0.9424464702606201,4.090444642209698,13.56999241899865,25.68970631859982,38.18847028577079,17.821945350868518
9b,32k*,65k,32768,65536,3584,32768,29857,0.911163330078125,0.8046303391456604,0.7140481472015381,0.8785921335220337,0.5797539353370667,0.9413865804672241,5.47945205479452,15.19241718859899,26.643668151522252,33.80781726228355,17.613959875406103
9b,32k*,65k*,32768,65536,3584,32768,32059,0.978363037109375,0.885435938835144,0.7855117321014404,0.9439356327056885,0.6352460384368896,0.9782261848449707,2.426775632427711,8.234817056052902,16.787797498362394,27.05948407623444,44.94213793318569
9b,65k,65k*,65536,65536,3584,65536,50053,0.7637481689453125,0.8370957374572754,0.7396206855773926,0.8990050554275513,0.5877941846847534,0.9486326575279236,4.752961860427947,11.767526421992688,21.291431083051965,36.53727049327713,24.549977024354185
