model,kind,n,pct_same,median,pct_far
gemma2-2b,observed,3600,13.88888888888889,118.0,47.16666666666667
gemma2-2b,shuffled,1434,3.486750348675035,137.0,52.719665271966534
gemma3-1b,observed,3600,11.305555555555555,135.0,51.33333333333333
gemma3-1b,shuffled,1440,3.75,152.0,55.90277777777778
qwen35-2b,observed,3600,12.055555555555555,120.0,48.52777777777778
qwen35-2b,shuffled,1440,4.166666666666666,152.5,55.208333333333336
qwen35-4b,observed,3600,13.666666666666666,121.0,48.388888888888886
qwen35-4b,shuffled,1440,3.888888888888889,143.5,54.44444444444444
qwen35-9b,observed,3600,12.13888888888889,116.0,47.083333333333336
qwen35-9b,shuffled,1440,3.888888888888889,144.5,54.513888888888886
