metric,med,p75,p90,signed,null,ratio
attn_entropy,0.029494738743680866,0.04568291847137446,0.06187266766167824,0.029494738743680866,0.023402836736185623,1.2603061362247554
attn_distance,0.12289948421592611,0.1925697231682565,0.2609524363289391,0.12289948421592611,0.10120055388998961,1.2144151340270766
eff_rank,0.09523336837062576,0.1513570500412036,0.21146688472063882,0.09523336837062576,0.08136900446496863,1.1703887616276059
spec_entropy,0.033808935420641076,0.04264051827012524,0.0525267908927055,0.033808935420641076,0.029052940043412773,1.1637010013486273
energy,0.16631973079299736,0.250281577585167,0.3288307731208371,0.16631973079299736,0.13148180739802956,1.2649638309998612
attn_entropy_norm,0.009738524802754032,0.013707383352115854,0.01796546721213479,0.009738524802754032,0.021013017934578812,0.46345198167505547
attn_distance_norm,0.01926274389949404,0.03002605815859278,0.044231898252271605,0.01648001404621635,0.05962885200382702,0.32304401731996696
eff_rank_norm,0.009002282714949641,0.01548177778477606,0.033196982569100406,-0.004448308427065372,0.025755349323034082,0.3495306004993116
spec_entropy_norm,0.011193646956008763,0.017014373461129294,0.021519878183824764,0.01061143670823514,0.018233507324513995,0.6139053094277419
energy_norm,0.059614156743190816,0.08164820563000141,0.10329968596302687,0.059614156743190816,0.07708972814022681,0.7733086908122467
hfer,0.054974913618816436,0.08961580436537762,0.12039594234503889,-0.03448995336044672,0.04410693989147428,1.2464005381938297
fiedler,0.04830253634515405,0.08268390590075093,0.13205434579079783,0.017888155373822927,0.19170817365320864,0.2519586693915886
lambda_max,0.009929340652804604,0.020168296010016164,0.03617316787960821,0.007245390213442148,0.021317159462338614,0.46579098262819385
sink_conc,0.01928151731682438,0.024975450107599127,0.030068235590648078,-0.01928151731682438,0.023868420180741437,0.8078254518236585
smoothness,0.03420453436204672,0.04022845278633943,0.0483182901133391,0.03420453436204672,0.023330024326494843,1.4661165322147647
