model,n_seq,latent_set,n_lat,pct_ab_perarm,pct_ab_shared,erho_perarm,erho_shared,gain,lo,hi,median_act,consistency
gemma2-2b,96,fixed,62,3.1731005313792298,0.0,0.7679414831072541,0.8524020239226464,0.08168033956008464,0.03436740267646466,0.14857154059395383,,
gemma2-2b,384,fixed,62,6.688408827043169,0.0,0.7760319217173586,0.8879055912658715,0.1095525243334925,0.053669213758476754,0.19603554159430078,,
gemma2-2b,1536,fixed,62,8.660313168621819,0.0,0.7630170250099463,0.8738341944290243,0.11002528732921696,0.056518576395437926,0.2018517989288855,,
gemma2-2b,1536,balanced already at 96,62,8.660313168621819,,,,,,,25.218772411346436,0.11411255411255411
gemma2-2b,1536,new at 1536,61,18.82031488870457,,,,,,,21.488642692565918,0.10526936026936026
gemma3-1b,96,fixed,32,3.451626674550025,0.0,0.7807351235713968,0.830786278697632,0.04643764062733746,-0.035801149586575626,0.1587615080783045,,
gemma3-1b,384,fixed,32,5.468878498118781,0.0,0.7699384229979594,0.8538241415961931,0.08173709791775047,-0.004051562957415022,0.2525286793613875,,
gemma3-1b,1536,fixed,32,10.55717432742855,0.9067668545249651,0.7100191601304974,0.8847188055883669,0.17561553791468704,0.08100839122976594,0.3240347723837573,,
gemma3-1b,1536,balanced already at 96,32,10.55717432742855,,,,,,,281.5285949707031,0.15519480519480522
gemma3-1b,1536,new at 1536,38,32.33544688307136,,,,,,,202.24151229858398,0.08360750360750362
