task,doc,criterion,budget,nll,delta,needle_kept
ppl,0,full,1.0,2.786764144897461,0.0,
ppl,0,attn_h2o,0.5,2.9155399799346924,0.12877583503723145,
ppl,0,inC_struct,0.5,2.9155399799346924,0.12877583503723145,
ppl,0,eff_res,0.5,2.846121311187744,0.0593571662902832,
ppl,0,fiedler,0.5,2.874768018722534,0.08800387382507324,
ppl,0,lplus,0.5,2.8723301887512207,0.08556604385375977,
ppl,0,key_norm_low,0.5,2.837522029876709,0.05075788497924805,
ppl,0,key_norm_high,0.5,2.9968791007995605,0.2101149559020996,
ppl,0,stratified,0.5,2.883484363555908,0.09672021865844727,
ppl,0,random,0.5,2.9110465049743652,0.1242823600769043,
ppl,0,attn_h2o,0.25,2.9193015098571777,0.1325373649597168,
ppl,0,inC_struct,0.25,2.9193015098571777,0.1325373649597168,
ppl,0,eff_res,0.25,2.9480440616607666,0.16127991676330566,
ppl,0,fiedler,0.25,3.0224781036376953,0.23571395874023438,
ppl,0,lplus,0.25,2.946850299835205,0.16008615493774414,
ppl,0,key_norm_low,0.25,2.938511610031128,0.151747465133667,
ppl,0,key_norm_high,0.25,3.224626302719116,0.4378621578216553,
ppl,0,stratified,0.25,2.9572668075561523,0.1705026626586914,
ppl,0,random,0.25,3.0894296169281006,0.30266547203063965,
ppl,0,attn_h2o,0.1,3.132168769836426,0.34540462493896484,
ppl,0,inC_struct,0.1,3.132168769836426,0.34540462493896484,
ppl,0,eff_res,0.1,3.1234726905822754,0.33670854568481445,
ppl,0,fiedler,0.1,3.254246234893799,0.4674820899963379,
ppl,0,lplus,0.1,3.2728114128112793,0.48604726791381836,
ppl,0,key_norm_low,0.1,3.1510167121887207,0.36425256729125977,
ppl,0,key_norm_high,0.1,3.300410747528076,0.5136466026306152,
ppl,0,stratified,0.1,3.2840542793273926,0.49729013442993164,
ppl,0,random,0.1,3.2230820655822754,0.43631792068481445,
ppl,1,full,1.0,3.118311882019043,0.0,
ppl,1,attn_h2o,0.5,3.1508049964904785,0.03249311447143555,
ppl,1,inC_struct,0.5,3.1508049964904785,0.03249311447143555,
ppl,1,eff_res,0.5,3.1494102478027344,0.031098365783691406,
ppl,1,fiedler,0.5,3.289827346801758,0.17151546478271484,
ppl,1,lplus,0.5,3.1531784534454346,0.0348665714263916,
ppl,1,key_norm_low,0.5,3.1709256172180176,0.05261373519897461,
ppl,1,key_norm_high,0.5,3.3533220291137695,0.23501014709472656,
ppl,1,stratified,0.5,3.271700382232666,0.15338850021362305,
ppl,1,random,0.5,3.2971394062042236,0.17882752418518066,
ppl,1,attn_h2o,0.25,3.2355527877807617,0.11724090576171875,
ppl,1,inC_struct,0.25,3.2355527877807617,0.11724090576171875,
ppl,1,eff_res,0.25,3.393645763397217,0.27533388137817383,
ppl,1,fiedler,0.25,3.426811695098877,0.308499813079834,
ppl,1,lplus,0.25,3.231497287750244,0.11318540573120117,
ppl,1,key_norm_low,0.25,3.280085563659668,0.161773681640625,
ppl,1,key_norm_high,0.25,3.4268147945404053,0.3085029125213623,
ppl,1,stratified,0.25,3.3428773880004883,0.2245655059814453,
ppl,1,random,0.25,3.362837791442871,0.24452590942382812,
ppl,1,attn_h2o,0.1,3.443126916885376,0.324815034866333,
ppl,1,inC_struct,0.1,3.443126916885376,0.324815034866333,
ppl,1,eff_res,0.1,3.438460350036621,0.3201484680175781,
ppl,1,fiedler,0.1,3.4485483169555664,0.33023643493652344,
ppl,1,lplus,0.1,3.441197395324707,0.32288551330566406,
ppl,1,key_norm_low,0.1,3.4620909690856934,0.3437790870666504,
ppl,1,key_norm_high,0.1,3.4573445320129395,0.3390326499938965,
ppl,1,stratified,0.1,3.452690601348877,0.334378719329834,
ppl,1,random,0.1,3.4360311031341553,0.3177192211151123,
ppl,2,full,1.0,2.334514856338501,0.0,
ppl,2,attn_h2o,0.5,2.3396623134613037,0.005147457122802734,
ppl,2,inC_struct,0.5,2.3396623134613037,0.005147457122802734,
ppl,2,eff_res,0.5,2.3436756134033203,0.009160757064819336,
ppl,2,fiedler,0.5,2.4056386947631836,0.07112383842468262,
ppl,2,lplus,0.5,2.33976411819458,0.0052492618560791016,
ppl,2,key_norm_low,0.5,2.3748583793640137,0.040343523025512695,
ppl,2,key_norm_high,0.5,2.391385555267334,0.05687069892883301,
ppl,2,stratified,0.5,2.3366947174072266,0.002179861068725586,
ppl,2,random,0.5,2.4326183795928955,0.09810352325439453,
ppl,2,attn_h2o,0.25,2.3583545684814453,0.023839712142944336,
ppl,2,inC_struct,0.25,2.3583545684814453,0.023839712142944336,
ppl,2,eff_res,0.25,2.356678009033203,0.02216315269470215,
ppl,2,fiedler,0.25,2.409032106399536,0.07451725006103516,
ppl,2,lplus,0.25,2.356555938720703,0.02204108238220215,
ppl,2,key_norm_low,0.25,2.3881783485412598,0.05366349220275879,
ppl,2,key_norm_high,0.25,2.4466981887817383,0.1121833324432373,
ppl,2,stratified,0.25,2.416630268096924,0.08211541175842285,
ppl,2,random,0.25,2.4088568687438965,0.07434201240539551,
ppl,2,attn_h2o,0.1,2.478137493133545,0.14362263679504395,
ppl,2,inC_struct,0.1,2.478137493133545,0.14362263679504395,
ppl,2,eff_res,0.1,2.474050521850586,0.13953566551208496,
ppl,2,fiedler,0.1,2.4670369625091553,0.1325221061706543,
ppl,2,lplus,0.1,2.4362733364105225,0.10175848007202148,
ppl,2,key_norm_low,0.1,2.4310078620910645,0.09649300575256348,
ppl,2,key_norm_high,0.1,2.4999003410339355,0.16538548469543457,
ppl,2,stratified,0.1,2.4392991065979004,0.10478425025939941,
ppl,2,random,0.1,2.50596022605896,0.17144536972045898,
ppl,3,full,1.0,3.0756468772888184,0.0,
ppl,3,attn_h2o,0.5,3.2495739459991455,0.17392706871032715,
ppl,3,inC_struct,0.5,3.2495739459991455,0.17392706871032715,
ppl,3,eff_res,0.5,3.2247700691223145,0.1491231918334961,
ppl,3,fiedler,0.5,3.146347999572754,0.07070112228393555,
ppl,3,lplus,0.5,3.252622127532959,0.17697525024414062,
ppl,3,key_norm_low,0.5,3.0932226181030273,0.017575740814208984,
ppl,3,key_norm_high,0.5,3.3455681800842285,0.26992130279541016,
ppl,3,stratified,0.5,3.2359566688537598,0.1603097915649414,
ppl,3,random,0.5,3.2058792114257812,0.1302323341369629,
ppl,3,attn_h2o,0.25,3.280649185180664,0.2050023078918457,
ppl,3,inC_struct,0.25,3.280649185180664,0.2050023078918457,
ppl,3,eff_res,0.25,3.3245184421539307,0.2488715648651123,
ppl,3,fiedler,0.25,3.2658934593200684,0.19024658203125,
ppl,3,lplus,0.25,3.3372602462768555,0.2616133689880371,
ppl,3,key_norm_low,0.25,3.173614025115967,0.09796714782714844,
ppl,3,key_norm_high,0.25,3.461763620376587,0.38611674308776855,
ppl,3,stratified,0.25,3.2651376724243164,0.18949079513549805,
ppl,3,random,0.25,3.3681554794311523,0.292508602142334,
ppl,3,attn_h2o,0.1,3.4677817821502686,0.3921349048614502,
ppl,3,inC_struct,0.1,3.4677817821502686,0.3921349048614502,
ppl,3,eff_res,0.1,3.4755561351776123,0.39990925788879395,
ppl,3,fiedler,0.1,3.445648193359375,0.37000131607055664,
ppl,3,lplus,0.1,3.4677817821502686,0.3921349048614502,
ppl,3,key_norm_low,0.1,3.386971950531006,0.3113250732421875,
ppl,3,key_norm_high,0.1,3.478651523590088,0.40300464630126953,
ppl,3,stratified,0.1,3.4543628692626953,0.37871599197387695,
ppl,3,random,0.1,3.4805490970611572,0.40490221977233887,
ppl,4,full,1.0,2.1546242237091064,0.0,
ppl,4,attn_h2o,0.5,2.274390697479248,0.1197664737701416,
ppl,4,inC_struct,0.5,2.274390697479248,0.1197664737701416,
ppl,4,eff_res,0.5,2.3499209880828857,0.1952967643737793,
ppl,4,fiedler,0.5,2.4356777667999268,0.2810535430908203,
ppl,4,lplus,0.5,2.2395615577697754,0.08493733406066895,
ppl,4,key_norm_low,0.5,2.202106475830078,0.04748225212097168,
ppl,4,key_norm_high,0.5,2.425302743911743,0.2706785202026367,
ppl,4,stratified,0.5,2.277273654937744,0.1226494312286377,
ppl,4,random,0.5,2.3120102882385254,0.15738606452941895,
ppl,4,attn_h2o,0.25,2.403066873550415,0.2484426498413086,
ppl,4,inC_struct,0.25,2.403066873550415,0.2484426498413086,
ppl,4,eff_res,0.25,2.461900472640991,0.30727624893188477,
ppl,4,fiedler,0.25,2.5307209491729736,0.3760967254638672,
ppl,4,lplus,0.25,2.4039950370788574,0.24937081336975098,
ppl,4,key_norm_low,0.25,2.2850756645202637,0.13045144081115723,
ppl,4,key_norm_high,0.25,2.473357677459717,0.31873345375061035,
ppl,4,stratified,0.25,2.39271879196167,0.23809456825256348,
ppl,4,random,0.25,2.398350238800049,0.24372601509094238,
ppl,4,attn_h2o,0.1,2.520928382873535,0.3663041591644287,
ppl,4,inC_struct,0.1,2.520928382873535,0.3663041591644287,
ppl,4,eff_res,0.1,2.511880397796631,0.3572561740875244,
ppl,4,fiedler,0.1,2.521981716156006,0.3673574924468994,
ppl,4,lplus,0.1,2.520928382873535,0.3663041591644287,
ppl,4,key_norm_low,0.1,2.5573813915252686,0.4027571678161621,
ppl,4,key_norm_high,0.1,2.514409303665161,0.3597850799560547,
ppl,4,stratified,0.1,2.5118062496185303,0.35718202590942383,
ppl,4,random,0.1,2.5011961460113525,0.3465719223022461,
ppl,5,full,1.0,2.500412940979004,0.0,
ppl,5,attn_h2o,0.5,2.503577470779419,0.003164529800415039,
ppl,5,inC_struct,0.5,2.503577470779419,0.003164529800415039,
ppl,5,eff_res,0.5,2.4917564392089844,-0.008656501770019531,
ppl,5,fiedler,0.5,2.540604591369629,0.040191650390625,
ppl,5,lplus,0.5,2.5114264488220215,0.011013507843017578,
ppl,5,key_norm_low,0.5,2.5455031394958496,0.0450901985168457,
ppl,5,key_norm_high,0.5,2.5614476203918457,0.0610346794128418,
ppl,5,stratified,0.5,2.5105371475219727,0.01012420654296875,
ppl,5,random,0.5,2.50274658203125,0.0023336410522460938,
ppl,5,attn_h2o,0.25,2.5574231147766113,0.05701017379760742,
ppl,5,inC_struct,0.25,2.5574231147766113,0.05701017379760742,
ppl,5,eff_res,0.25,2.554610013961792,0.054197072982788086,
ppl,5,fiedler,0.25,2.55832576751709,0.05791282653808594,
ppl,5,lplus,0.25,2.562864303588867,0.06245136260986328,
ppl,5,key_norm_low,0.25,2.575331449508667,0.07491850852966309,
ppl,5,key_norm_high,0.25,2.626896858215332,0.12648391723632812,
ppl,5,stratified,0.25,2.5758280754089355,0.07541513442993164,
ppl,5,random,0.25,2.609639883041382,0.10922694206237793,
ppl,5,attn_h2o,0.1,2.6040053367614746,0.1035923957824707,
ppl,5,inC_struct,0.1,2.6040053367614746,0.1035923957824707,
ppl,5,eff_res,0.1,2.618981122970581,0.11856818199157715,
ppl,5,fiedler,0.1,2.6547226905822754,0.15430974960327148,
ppl,5,lplus,0.1,2.6160354614257812,0.11562252044677734,
ppl,5,key_norm_low,0.1,2.6742124557495117,0.1737995147705078,
ppl,5,key_norm_high,0.1,2.6588311195373535,0.1584181785583496,
ppl,5,stratified,0.1,2.617384910583496,0.11697196960449219,
ppl,5,random,0.1,2.651390314102173,0.15097737312316895,
ppl,6,full,1.0,2.274847984313965,0.0,
ppl,6,attn_h2o,0.5,2.350794792175293,0.07594680786132812,
ppl,6,inC_struct,0.5,2.350794792175293,0.07594680786132812,
ppl,6,eff_res,0.5,2.34576678276062,0.07091879844665527,
ppl,6,fiedler,0.5,2.2988319396972656,0.02398395538330078,
ppl,6,lplus,0.5,2.408388614654541,0.13354063034057617,
ppl,6,key_norm_low,0.5,2.293940544128418,0.019092559814453125,
ppl,6,key_norm_high,0.5,2.4908382892608643,0.21599030494689941,
ppl,6,stratified,0.5,2.375314950942993,0.10046696662902832,
ppl,6,random,0.5,2.357781171798706,0.08293318748474121,
ppl,6,attn_h2o,0.25,2.4040074348449707,0.12915945053100586,
ppl,6,inC_struct,0.25,2.4040074348449707,0.12915945053100586,
ppl,6,eff_res,0.25,2.378239870071411,0.10339188575744629,
ppl,6,fiedler,0.25,2.365421772003174,0.09057378768920898,
ppl,6,lplus,0.25,2.4597151279449463,0.18486714363098145,
ppl,6,key_norm_low,0.25,2.34914231300354,0.0742943286895752,
ppl,6,key_norm_high,0.25,2.5084705352783203,0.23362255096435547,
ppl,6,stratified,0.25,2.414841413497925,0.13999342918395996,
ppl,6,random,0.25,2.493089199066162,0.21824121475219727,
ppl,6,attn_h2o,0.1,2.4995973110198975,0.22474932670593262,
ppl,6,inC_struct,0.1,2.4995973110198975,0.22474932670593262,
ppl,6,eff_res,0.1,2.4948179721832275,0.2199699878692627,
ppl,6,fiedler,0.1,2.405696153640747,0.13084816932678223,
ppl,6,lplus,0.1,2.4843711853027344,0.20952320098876953,
ppl,6,key_norm_low,0.1,2.4178555011749268,0.14300751686096191,
ppl,6,key_norm_high,0.1,2.4972403049468994,0.22239232063293457,
ppl,6,stratified,0.1,2.450953960418701,0.17610597610473633,
ppl,6,random,0.1,2.486063003540039,0.21121501922607422,
ppl,7,full,1.0,2.1248679161071777,0.0,
ppl,7,attn_h2o,0.5,2.208836793899536,0.0839688777923584,
ppl,7,inC_struct,0.5,2.208836793899536,0.0839688777923584,
ppl,7,eff_res,0.5,2.191093921661377,0.06622600555419922,
ppl,7,fiedler,0.5,2.1417064666748047,0.016838550567626953,
ppl,7,lplus,0.5,2.212185859680176,0.08731794357299805,
ppl,7,key_norm_low,0.5,2.1620922088623047,0.03722429275512695,
ppl,7,key_norm_high,0.5,2.2957286834716797,0.17086076736450195,
ppl,7,stratified,0.5,2.2323057651519775,0.1074378490447998,
ppl,7,random,0.5,2.171003580093384,0.046135663986206055,
ppl,7,attn_h2o,0.25,2.255373001098633,0.13050508499145508,
ppl,7,inC_struct,0.25,2.255373001098633,0.13050508499145508,
ppl,7,eff_res,0.25,2.2421326637268066,0.1172647476196289,
ppl,7,fiedler,0.25,2.1700963973999023,0.04522848129272461,
ppl,7,lplus,0.25,2.257847309112549,0.1329793930053711,
ppl,7,key_norm_low,0.25,2.2064871788024902,0.0816192626953125,
ppl,7,key_norm_high,0.25,2.3026669025421143,0.17779898643493652,
ppl,7,stratified,0.25,2.1943817138671875,0.06951379776000977,
ppl,7,random,0.25,2.2240777015686035,0.09920978546142578,
ppl,7,attn_h2o,0.1,2.3210785388946533,0.19621062278747559,
ppl,7,inC_struct,0.1,2.3210785388946533,0.19621062278747559,
ppl,7,eff_res,0.1,2.309669256210327,0.18480134010314941,
ppl,7,fiedler,0.1,2.3214406967163086,0.19657278060913086,
ppl,7,lplus,0.1,2.3210785388946533,0.19621062278747559,
ppl,7,key_norm_low,0.1,2.2789580821990967,0.15409016609191895,
ppl,7,key_norm_high,0.1,2.328518867492676,0.20365095138549805,
ppl,7,stratified,0.1,2.314504623413086,0.1896367073059082,
ppl,7,random,0.1,2.3355541229248047,0.21068620681762695,
ppl,8,full,1.0,2.2230098247528076,0.0,
ppl,8,attn_h2o,0.5,2.322971820831299,0.09996199607849121,
ppl,8,inC_struct,0.5,2.322971820831299,0.09996199607849121,
ppl,8,eff_res,0.5,2.400292158126831,0.17728233337402344,
ppl,8,fiedler,0.5,2.446498394012451,0.22348856925964355,
ppl,8,lplus,0.5,2.3181099891662598,0.09510016441345215,
ppl,8,key_norm_low,0.5,2.2252137660980225,0.0022039413452148438,
ppl,8,key_norm_high,0.5,2.4404711723327637,0.21746134757995605,
ppl,8,stratified,0.5,2.312735080718994,0.08972525596618652,
ppl,8,random,0.5,2.2835288047790527,0.06051898002624512,
ppl,8,attn_h2o,0.25,2.417726755142212,0.1947169303894043,
ppl,8,inC_struct,0.25,2.417726755142212,0.1947169303894043,
ppl,8,eff_res,0.25,2.4369239807128906,0.213914155960083,
ppl,8,fiedler,0.25,2.5179085731506348,0.29489874839782715,
ppl,8,lplus,0.25,2.4214439392089844,0.19843411445617676,
ppl,8,key_norm_low,0.25,2.2968926429748535,0.0738828182220459,
ppl,8,key_norm_high,0.25,2.4708383083343506,0.24782848358154297,
ppl,8,stratified,0.25,2.421086311340332,0.19807648658752441,
ppl,8,random,0.25,2.2938404083251953,0.0708305835723877,
ppl,8,attn_h2o,0.1,2.477900981903076,0.25489115715026855,
ppl,8,inC_struct,0.1,2.477900981903076,0.25489115715026855,
ppl,8,eff_res,0.1,2.50115704536438,0.27814722061157227,
ppl,8,fiedler,0.1,2.48087215423584,0.2578623294830322,
ppl,8,lplus,0.1,2.4732956886291504,0.2502858638763428,
ppl,8,key_norm_low,0.1,2.4842886924743652,0.2612788677215576,
ppl,8,key_norm_high,0.1,2.514218330383301,0.29120850563049316,
ppl,8,stratified,0.1,2.514906167984009,0.29189634323120117,
ppl,8,random,0.1,2.4950079917907715,0.27199816703796387,
ppl,9,full,1.0,2.421607255935669,0.0,
ppl,9,attn_h2o,0.5,2.405017852783203,-0.01658940315246582,
ppl,9,inC_struct,0.5,2.405017852783203,-0.01658940315246582,
ppl,9,eff_res,0.5,2.4178779125213623,-0.0037293434143066406,
ppl,9,fiedler,0.5,2.4440369606018066,0.022429704666137695,
ppl,9,lplus,0.5,2.4057650566101074,-0.015842199325561523,
ppl,9,key_norm_low,0.5,2.4047577381134033,-0.016849517822265625,
ppl,9,key_norm_high,0.5,2.527996063232422,0.10638880729675293,
ppl,9,stratified,0.5,2.4292564392089844,0.00764918327331543,
ppl,9,random,0.5,2.3992342948913574,-0.022372961044311523,
ppl,9,attn_h2o,0.25,2.4329380989074707,0.011330842971801758,
ppl,9,inC_struct,0.25,2.4329380989074707,0.011330842971801758,
ppl,9,eff_res,0.25,2.426762104034424,0.005154848098754883,
ppl,9,fiedler,0.25,2.41943359375,-0.0021736621856689453,
ppl,9,lplus,0.25,2.4344325065612793,0.012825250625610352,
ppl,9,key_norm_low,0.25,2.3917832374572754,-0.029824018478393555,
ppl,9,key_norm_high,0.25,2.509114980697632,0.08750772476196289,
ppl,9,stratified,0.25,2.428328514099121,0.0067212581634521484,
ppl,9,random,0.25,2.3732123374938965,-0.04839491844177246,
ppl,9,attn_h2o,0.1,2.4476232528686523,0.0260159969329834,
ppl,9,inC_struct,0.1,2.4476232528686523,0.0260159969329834,
ppl,9,eff_res,0.1,2.436654567718506,0.015047311782836914,
ppl,9,fiedler,0.1,2.4470839500427246,0.025476694107055664,
ppl,9,lplus,0.1,2.445526599884033,0.023919343948364258,
ppl,9,key_norm_low,0.1,2.396641969680786,-0.024965286254882812,
ppl,9,key_norm_high,0.1,2.4795174598693848,0.05791020393371582,
ppl,9,stratified,0.1,2.457432985305786,0.03582572937011719,
ppl,9,random,0.1,2.4570178985595703,0.03541064262390137,
ppl,10,full,1.0,2.814659357070923,0.0,
ppl,10,attn_h2o,0.5,3.044600248336792,0.22994089126586914,
ppl,10,inC_struct,0.5,3.044600248336792,0.22994089126586914,
ppl,10,eff_res,0.5,2.8719730377197266,0.05731368064880371,
ppl,10,fiedler,0.5,2.9382383823394775,0.12357902526855469,
ppl,10,lplus,0.5,3.036029815673828,0.22137045860290527,
ppl,10,key_norm_low,0.5,2.827904224395752,0.013244867324829102,
ppl,10,key_norm_high,0.5,3.1915860176086426,0.3769266605377197,
ppl,10,stratified,0.5,2.9135689735412598,0.09890961647033691,
ppl,10,random,0.5,2.8807435035705566,0.06608414649963379,
ppl,10,attn_h2o,0.25,3.139423131942749,0.32476377487182617,
ppl,10,inC_struct,0.25,3.139423131942749,0.32476377487182617,
ppl,10,eff_res,0.25,3.1185760498046875,0.30391669273376465,
ppl,10,fiedler,0.25,3.1750824451446533,0.36042308807373047,
ppl,10,lplus,0.25,3.146514892578125,0.33185553550720215,
ppl,10,key_norm_low,0.25,2.959958553314209,0.14529919624328613,
ppl,10,key_norm_high,0.25,3.247288227081299,0.432628870010376,
ppl,10,stratified,0.25,3.1349267959594727,0.3202674388885498,
ppl,10,random,0.25,3.15568208694458,0.3410227298736572,
ppl,10,attn_h2o,0.1,3.237067222595215,0.422407865524292,
ppl,10,inC_struct,0.1,3.237067222595215,0.422407865524292,
ppl,10,eff_res,0.1,3.1993489265441895,0.3846895694732666,
ppl,10,fiedler,0.1,3.2427480220794678,0.4280886650085449,
ppl,10,lplus,0.1,3.2251229286193848,0.4104635715484619,
ppl,10,key_norm_low,0.1,3.267056703567505,0.45239734649658203,
ppl,10,key_norm_high,0.1,3.275730609893799,0.461071252822876,
ppl,10,stratified,0.1,3.252845525741577,0.4381861686706543,
ppl,10,random,0.1,3.2283551692962646,0.4136958122253418,
ppl,11,full,1.0,3.0817646980285645,0.0,
ppl,11,attn_h2o,0.5,3.127288341522217,0.045523643493652344,
ppl,11,inC_struct,0.5,3.127288341522217,0.045523643493652344,
ppl,11,eff_res,0.5,3.148423671722412,0.06665897369384766,
ppl,11,fiedler,0.5,3.115511417388916,0.03374671936035156,
ppl,11,lplus,0.5,3.126979112625122,0.04521441459655762,
ppl,11,key_norm_low,0.5,3.1099026203155518,0.028137922286987305,
ppl,11,key_norm_high,0.5,3.180677890777588,0.09891319274902344,
ppl,11,stratified,0.5,3.135409355163574,0.053644657135009766,
ppl,11,random,0.5,3.144723415374756,0.0629587173461914,
ppl,11,attn_h2o,0.25,3.1522674560546875,0.07050275802612305,
ppl,11,inC_struct,0.25,3.1522674560546875,0.07050275802612305,
ppl,11,eff_res,0.25,3.1574573516845703,0.07569265365600586,
ppl,11,fiedler,0.25,3.1109619140625,0.029197216033935547,
ppl,11,lplus,0.25,3.157024621963501,0.07525992393493652,
ppl,11,key_norm_low,0.25,3.1848011016845703,0.10303640365600586,
ppl,11,key_norm_high,0.25,3.2484164237976074,0.16665172576904297,
ppl,11,stratified,0.25,3.149697780609131,0.0679330825805664,
ppl,11,random,0.25,3.2075986862182617,0.12583398818969727,
ppl,11,attn_h2o,0.1,3.1960859298706055,0.11432123184204102,
ppl,11,inC_struct,0.1,3.1960859298706055,0.11432123184204102,
ppl,11,eff_res,0.1,3.226624011993408,0.14485931396484375,
ppl,11,fiedler,0.1,3.1747984886169434,0.0930337905883789,
ppl,11,lplus,0.1,3.198413848876953,0.11664915084838867,
ppl,11,key_norm_low,0.1,3.2094810009002686,0.1277163028717041,
ppl,11,key_norm_high,0.1,3.2732181549072266,0.1914534568786621,
ppl,11,stratified,0.1,3.2663323879241943,0.18456768989562988,
ppl,11,random,0.1,3.260612964630127,0.1788482666015625,
ppl,12,full,1.0,2.0127711296081543,0.0,
ppl,12,attn_h2o,0.5,2.0135231018066406,0.0007519721984863281,
ppl,12,inC_struct,0.5,2.0135231018066406,0.0007519721984863281,
ppl,12,eff_res,0.5,2.0897912979125977,0.07702016830444336,
ppl,12,fiedler,0.5,2.0021719932556152,-0.010599136352539062,
ppl,12,lplus,0.5,1.993911862373352,-0.018859267234802246,
ppl,12,key_norm_low,0.5,1.9994559288024902,-0.013315200805664062,
ppl,12,key_norm_high,0.5,2.0476224422454834,0.0348513126373291,
ppl,12,stratified,0.5,2.034141778945923,0.021370649337768555,
ppl,12,random,0.5,2.0599489212036133,0.047177791595458984,
ppl,12,attn_h2o,0.25,2.0647172927856445,0.051946163177490234,
ppl,12,inC_struct,0.25,2.0647172927856445,0.051946163177490234,
ppl,12,eff_res,0.25,2.157398223876953,0.14462709426879883,
ppl,12,fiedler,0.25,2.0683207511901855,0.05554962158203125,
ppl,12,lplus,0.25,2.0869853496551514,0.07421422004699707,
ppl,12,key_norm_low,0.25,2.012162208557129,-0.0006089210510253906,
ppl,12,key_norm_high,0.25,2.200173854827881,0.18740272521972656,
ppl,12,stratified,0.25,2.211977958679199,0.19920682907104492,
ppl,12,random,0.25,2.1641345024108887,0.15136337280273438,
ppl,12,attn_h2o,0.1,2.187533378601074,0.17476224899291992,
ppl,12,inC_struct,0.1,2.187533378601074,0.17476224899291992,
ppl,12,eff_res,0.1,2.1803836822509766,0.16761255264282227,
ppl,12,fiedler,0.1,2.215883731842041,0.20311260223388672,
ppl,12,lplus,0.1,2.234513998031616,0.22174286842346191,
ppl,12,key_norm_low,0.1,2.0760340690612793,0.063262939453125,
ppl,12,key_norm_high,0.1,2.2258996963500977,0.21312856674194336,
ppl,12,stratified,0.1,2.2178146839141846,0.20504355430603027,
ppl,12,random,0.1,2.212575912475586,0.19980478286743164,
ppl,13,full,1.0,1.795210361480713,0.0,
ppl,13,attn_h2o,0.5,1.9807566404342651,0.18554627895355225,
ppl,13,inC_struct,0.5,1.9807566404342651,0.18554627895355225,
ppl,13,eff_res,0.5,2.0295989513397217,0.2343885898590088,
ppl,13,fiedler,0.5,2.024392604827881,0.22918224334716797,
ppl,13,lplus,0.5,1.9803576469421387,0.18514728546142578,
ppl,13,key_norm_low,0.5,1.8739469051361084,0.07873654365539551,
ppl,13,key_norm_high,0.5,1.9378145933151245,0.14260423183441162,
ppl,13,stratified,0.5,1.9772952795028687,0.18208491802215576,
ppl,13,random,0.5,1.8933990001678467,0.09818863868713379,
ppl,13,attn_h2o,0.25,2.024871349334717,0.2296609878540039,
ppl,13,inC_struct,0.25,2.024871349334717,0.2296609878540039,
ppl,13,eff_res,0.25,1.982607364654541,0.18739700317382812,
ppl,13,fiedler,0.25,2.042504072189331,0.24729371070861816,
ppl,13,lplus,0.25,2.011489152908325,0.2162787914276123,
ppl,13,key_norm_low,0.25,1.964900255203247,0.16968989372253418,
ppl,13,key_norm_high,0.25,1.9946340322494507,0.1994236707687378,
ppl,13,stratified,0.25,2.019407272338867,0.2241969108581543,
ppl,13,random,0.25,2.0385260581970215,0.2433156967163086,
ppl,13,attn_h2o,0.1,2.097341537475586,0.30213117599487305,
ppl,13,inC_struct,0.1,2.097341537475586,0.30213117599487305,
ppl,13,eff_res,0.1,2.0775513648986816,0.28234100341796875,
ppl,13,fiedler,0.1,2.0596566200256348,0.2644462585449219,
ppl,13,lplus,0.1,2.0944483280181885,0.2992379665374756,
ppl,13,key_norm_low,0.1,2.1647841930389404,0.36957383155822754,
ppl,13,key_norm_high,0.1,2.1200456619262695,0.32483530044555664,
ppl,13,stratified,0.1,2.112405300140381,0.31719493865966797,
ppl,13,random,0.1,2.12123441696167,0.32602405548095703,
ppl,14,full,1.0,2.274775505065918,0.0,
ppl,14,attn_h2o,0.5,2.270315170288086,-0.004460334777832031,
ppl,14,inC_struct,0.5,2.270315170288086,-0.004460334777832031,
ppl,14,eff_res,0.5,2.2925374507904053,0.017761945724487305,
ppl,14,fiedler,0.5,2.2962045669555664,0.021429061889648438,
ppl,14,lplus,0.5,2.2759528160095215,0.0011773109436035156,
ppl,14,key_norm_low,0.5,2.2836766242980957,0.008901119232177734,
ppl,14,key_norm_high,0.5,2.404792308807373,0.13001680374145508,
ppl,14,stratified,0.5,2.3500096797943115,0.07523417472839355,
ppl,14,random,0.5,2.399923801422119,0.12514829635620117,
ppl,14,attn_h2o,0.25,2.270191192626953,-0.004584312438964844,
ppl,14,inC_struct,0.25,2.270191192626953,-0.004584312438964844,
ppl,14,eff_res,0.25,2.349689483642578,0.07491397857666016,
ppl,14,fiedler,0.25,2.3869407176971436,0.11216521263122559,
ppl,14,lplus,0.25,2.2726612091064453,-0.0021142959594726562,
ppl,14,key_norm_low,0.25,2.29465913772583,0.01988363265991211,
ppl,14,key_norm_high,0.25,2.409090518951416,0.13431501388549805,
ppl,14,stratified,0.25,2.3051857948303223,0.030410289764404297,
ppl,14,random,0.25,2.397737979888916,0.12296247482299805,
ppl,14,attn_h2o,0.1,2.3530433177948,0.07826781272888184,
ppl,14,inC_struct,0.1,2.3530433177948,0.07826781272888184,
ppl,14,eff_res,0.1,2.3409557342529297,0.06618022918701172,
ppl,14,fiedler,0.1,2.4103894233703613,0.13561391830444336,
ppl,14,lplus,0.1,2.347949504852295,0.07317399978637695,
ppl,14,key_norm_low,0.1,2.344531536102295,0.06975603103637695,
ppl,14,key_norm_high,0.1,2.4172720909118652,0.14249658584594727,
ppl,14,stratified,0.1,2.4097371101379395,0.13496160507202148,
ppl,14,random,0.1,2.4315907955169678,0.1568152904510498,
ppl,15,full,1.0,1.5294318199157715,0.0,
ppl,15,attn_h2o,0.5,1.6251171827316284,0.09568536281585693,
ppl,15,inC_struct,0.5,1.6251171827316284,0.09568536281585693,
ppl,15,eff_res,0.5,1.7113394737243652,0.18190765380859375,
ppl,15,fiedler,0.5,1.6934964656829834,0.16406464576721191,
ppl,15,lplus,0.5,1.6244683265686035,0.09503650665283203,
ppl,15,key_norm_low,0.5,1.550102710723877,0.02067089080810547,
ppl,15,key_norm_high,0.5,1.7593368291854858,0.22990500926971436,
ppl,15,stratified,0.5,1.5860470533370972,0.056615233421325684,
ppl,15,random,0.5,1.5642756223678589,0.0348438024520874,
ppl,15,attn_h2o,0.25,1.7316677570343018,0.20223593711853027,
ppl,15,inC_struct,0.25,1.7316677570343018,0.20223593711853027,
ppl,15,eff_res,0.25,1.774305820465088,0.2448740005493164,
ppl,15,fiedler,0.25,1.7102224826812744,0.18079066276550293,
ppl,15,lplus,0.25,1.764115810394287,0.23468399047851562,
ppl,15,key_norm_low,0.25,1.5962700843811035,0.06683826446533203,
ppl,15,key_norm_high,0.25,1.8630123138427734,0.33358049392700195,
ppl,15,stratified,0.25,1.7637840509414673,0.2343522310256958,
ppl,15,random,0.25,1.730506420135498,0.20107460021972656,
ppl,15,attn_h2o,0.1,1.7986502647399902,0.26921844482421875,
ppl,15,inC_struct,0.1,1.7986502647399902,0.26921844482421875,
ppl,15,eff_res,0.1,1.8337643146514893,0.3043324947357178,
ppl,15,fiedler,0.1,1.9354395866394043,0.4060077667236328,
ppl,15,lplus,0.1,1.796575903892517,0.2671440839767456,
ppl,15,key_norm_low,0.1,1.807878851890564,0.2784470319747925,
ppl,15,key_norm_high,0.1,1.9479753971099854,0.41854357719421387,
ppl,15,stratified,0.1,1.9242483377456665,0.394816517829895,
ppl,15,random,0.1,1.9230351448059082,0.3936033248901367,
ppl,16,full,1.0,2.307264804840088,0.0,
ppl,16,attn_h2o,0.5,2.429943323135376,0.12267851829528809,
ppl,16,inC_struct,0.5,2.429943323135376,0.12267851829528809,
ppl,16,eff_res,0.5,2.5086488723754883,0.2013840675354004,
ppl,16,fiedler,0.5,2.466801166534424,0.15953636169433594,
ppl,16,lplus,0.5,2.376159191131592,0.0688943862915039,
ppl,16,key_norm_low,0.5,2.459979295730591,0.15271449089050293,
ppl,16,key_norm_high,0.5,2.6495399475097656,0.34227514266967773,
ppl,16,stratified,0.5,2.5782482624053955,0.2709834575653076,
ppl,16,random,0.5,2.6437876224517822,0.33652281761169434,
ppl,16,attn_h2o,0.25,2.7069761753082275,0.39971137046813965,
ppl,16,inC_struct,0.25,2.7069761753082275,0.39971137046813965,
ppl,16,eff_res,0.25,2.6931943893432617,0.38592958450317383,
ppl,16,fiedler,0.25,2.8211560249328613,0.5138912200927734,
ppl,16,lplus,0.25,2.7045962810516357,0.39733147621154785,
ppl,16,key_norm_low,0.25,2.4999306201934814,0.19266581535339355,
ppl,16,key_norm_high,0.25,2.792299747467041,0.4850349426269531,
ppl,16,stratified,0.25,2.6478710174560547,0.3406062126159668,
ppl,16,random,0.25,2.77950382232666,0.47223901748657227,
ppl,16,attn_h2o,0.1,2.7841391563415527,0.47687435150146484,
ppl,16,inC_struct,0.1,2.7841391563415527,0.47687435150146484,
ppl,16,eff_res,0.1,2.771212577819824,0.46394777297973633,
ppl,16,fiedler,0.1,2.864398241043091,0.5571334362030029,
ppl,16,lplus,0.1,2.778689384460449,0.47142457962036133,
ppl,16,key_norm_low,0.1,2.6190404891967773,0.31177568435668945,
ppl,16,key_norm_high,0.1,2.8539657592773438,0.5467009544372559,
ppl,16,stratified,0.1,2.8541693687438965,0.5469045639038086,
ppl,16,random,0.1,2.735055685043335,0.42779088020324707,
ppl,17,full,1.0,2.436958074569702,0.0,
ppl,17,attn_h2o,0.5,2.494790554046631,0.05783247947692871,
ppl,17,inC_struct,0.5,2.494790554046631,0.05783247947692871,
ppl,17,eff_res,0.5,2.5057077407836914,0.06874966621398926,
ppl,17,fiedler,0.5,2.503307342529297,0.06634926795959473,
ppl,17,lplus,0.5,2.4796066284179688,0.0426485538482666,
ppl,17,key_norm_low,0.5,2.583118438720703,0.14616036415100098,
ppl,17,key_norm_high,0.5,2.4646716117858887,0.027713537216186523,
ppl,17,stratified,0.5,2.563729763031006,0.1267716884613037,
ppl,17,random,0.5,2.5937893390655518,0.1568312644958496,
ppl,17,attn_h2o,0.25,2.638543128967285,0.201585054397583,
ppl,17,inC_struct,0.25,2.638543128967285,0.201585054397583,
ppl,17,eff_res,0.25,2.6249985694885254,0.18804049491882324,
ppl,17,fiedler,0.25,2.4987831115722656,0.06182503700256348,
ppl,17,lplus,0.25,2.572859525680542,0.13590145111083984,
ppl,17,key_norm_low,0.25,2.642033100128174,0.20507502555847168,
ppl,17,key_norm_high,0.25,2.5956270694732666,0.15866899490356445,
ppl,17,stratified,0.25,2.611577033996582,0.17461895942687988,
ppl,17,random,0.25,2.611689805984497,0.17473173141479492,
ppl,17,attn_h2o,0.1,2.6857149600982666,0.24875688552856445,
ppl,17,inC_struct,0.1,2.6857149600982666,0.24875688552856445,
ppl,17,eff_res,0.1,2.6460306644439697,0.20907258987426758,
ppl,17,fiedler,0.1,2.610633373260498,0.1736752986907959,
ppl,17,lplus,0.1,2.6757798194885254,0.23882174491882324,
ppl,17,key_norm_low,0.1,2.6133604049682617,0.17640233039855957,
ppl,17,key_norm_high,0.1,2.6685681343078613,0.23161005973815918,
ppl,17,stratified,0.1,2.635293960571289,0.19833588600158691,
ppl,17,random,0.1,2.682737112045288,0.24577903747558594,
ppl,18,full,1.0,2.3929059505462646,0.0,
ppl,18,attn_h2o,0.5,2.5549583435058594,0.16205239295959473,
ppl,18,inC_struct,0.5,2.5549583435058594,0.16205239295959473,
ppl,18,eff_res,0.5,2.5520944595336914,0.15918850898742676,
ppl,18,fiedler,0.5,2.4650394916534424,0.07213354110717773,
ppl,18,lplus,0.5,2.5366320610046387,0.14372611045837402,
ppl,18,key_norm_low,0.5,2.4186458587646484,0.02573990821838379,
ppl,18,key_norm_high,0.5,2.661325454711914,0.2684195041656494,
ppl,18,stratified,0.5,2.547588348388672,0.15468239784240723,
ppl,18,random,0.5,2.4120068550109863,0.01910090446472168,
ppl,18,attn_h2o,0.25,2.7347025871276855,0.3417966365814209,
ppl,18,inC_struct,0.25,2.7347025871276855,0.3417966365814209,
ppl,18,eff_res,0.25,2.7243518829345703,0.33144593238830566,
ppl,18,fiedler,0.25,2.7006449699401855,0.3077390193939209,
ppl,18,lplus,0.25,2.734220266342163,0.34131431579589844,
ppl,18,key_norm_low,0.25,2.571157932281494,0.1782519817352295,
ppl,18,key_norm_high,0.25,2.760892391204834,0.36798644065856934,
ppl,18,stratified,0.25,2.6892709732055664,0.29636502265930176,
ppl,18,random,0.25,2.6984691619873047,0.30556321144104004,
ppl,18,attn_h2o,0.1,2.885617733001709,0.49271178245544434,
ppl,18,inC_struct,0.1,2.885617733001709,0.49271178245544434,
ppl,18,eff_res,0.1,2.879441261291504,0.48653531074523926,
ppl,18,fiedler,0.1,2.9512851238250732,0.5583791732788086,
ppl,18,lplus,0.1,2.885420083999634,0.49251413345336914,
ppl,18,key_norm_low,0.1,2.78896164894104,0.3960556983947754,
ppl,18,key_norm_high,0.1,2.858243465423584,0.46533751487731934,
ppl,18,stratified,0.1,2.9653987884521484,0.5724928379058838,
ppl,18,random,0.1,2.8797478675842285,0.48684191703796387,
ppl,19,full,1.0,2.0777766704559326,0.0,
ppl,19,attn_h2o,0.5,2.0800704956054688,0.002293825149536133,
ppl,19,inC_struct,0.5,2.0800704956054688,0.002293825149536133,
ppl,19,eff_res,0.5,2.0859127044677734,0.00813603401184082,
ppl,19,fiedler,0.5,2.112661600112915,0.03488492965698242,
ppl,19,lplus,0.5,2.074338912963867,-0.0034377574920654297,
ppl,19,key_norm_low,0.5,2.0956315994262695,0.017854928970336914,
ppl,19,key_norm_high,0.5,2.094787120819092,0.01701045036315918,
ppl,19,stratified,0.5,2.081146001815796,0.0033693313598632812,
ppl,19,random,0.5,2.0684261322021484,-0.00935053825378418,
ppl,19,attn_h2o,0.25,2.0888671875,0.011090517044067383,
ppl,19,inC_struct,0.25,2.0888671875,0.011090517044067383,
ppl,19,eff_res,0.25,2.130155563354492,0.05237889289855957,
ppl,19,fiedler,0.25,2.14100980758667,0.0632331371307373,
ppl,19,lplus,0.25,2.1116538047790527,0.03387713432312012,
ppl,19,key_norm_low,0.25,2.115828037261963,0.03805136680603027,
ppl,19,key_norm_high,0.25,2.1394476890563965,0.06167101860046387,
ppl,19,stratified,0.25,2.121575355529785,0.04379868507385254,
ppl,19,random,0.25,2.1129403114318848,0.03516364097595215,
ppl,19,attn_h2o,0.1,2.1531753540039062,0.07539868354797363,
ppl,19,inC_struct,0.1,2.1531753540039062,0.07539868354797363,
ppl,19,eff_res,0.1,2.150181770324707,0.07240509986877441,
ppl,19,fiedler,0.1,2.1473352909088135,0.06955862045288086,
ppl,19,lplus,0.1,2.1436400413513184,0.06586337089538574,
ppl,19,key_norm_low,0.1,2.1176366806030273,0.03986001014709473,
ppl,19,key_norm_high,0.1,2.181939125061035,0.10416245460510254,
ppl,19,stratified,0.1,2.133545398712158,0.055768728256225586,
ppl,19,random,0.1,2.1641602516174316,0.08638358116149902,
ppl,20,full,1.0,2.132530927658081,0.0,
ppl,20,attn_h2o,0.5,2.410215377807617,0.27768445014953613,
ppl,20,inC_struct,0.5,2.410215377807617,0.27768445014953613,
ppl,20,eff_res,0.5,2.4292893409729004,0.29675841331481934,
ppl,20,fiedler,0.5,2.3856592178344727,0.2531282901763916,
ppl,20,lplus,0.5,2.384838581085205,0.252307653427124,
ppl,20,key_norm_low,0.5,2.2458090782165527,0.11327815055847168,
ppl,20,key_norm_high,0.5,2.5590286254882812,0.4264976978302002,
ppl,20,stratified,0.5,2.354332447052002,0.2218015193939209,
ppl,20,random,0.5,2.313063144683838,0.18053221702575684,
ppl,20,attn_h2o,0.25,2.5851850509643555,0.4526541233062744,
ppl,20,inC_struct,0.25,2.5851850509643555,0.4526541233062744,
ppl,20,eff_res,0.25,2.6606078147888184,0.5280768871307373,
ppl,20,fiedler,0.25,2.483797550201416,0.35126662254333496,
ppl,20,lplus,0.25,2.575395107269287,0.44286417961120605,
ppl,20,key_norm_low,0.25,2.4173803329467773,0.2848494052886963,
ppl,20,key_norm_high,0.25,2.6705596446990967,0.5380287170410156,
ppl,20,stratified,0.25,2.6080398559570312,0.4755089282989502,
ppl,20,random,0.25,2.5577104091644287,0.42517948150634766,
ppl,20,attn_h2o,0.1,2.7163376808166504,0.5838067531585693,
ppl,20,inC_struct,0.1,2.7163376808166504,0.5838067531585693,
ppl,20,eff_res,0.1,2.7172911167144775,0.5847601890563965,
ppl,20,fiedler,0.1,2.7983102798461914,0.6657793521881104,
ppl,20,lplus,0.1,2.7152388095855713,0.5827078819274902,
ppl,20,key_norm_low,0.1,2.5377120971679688,0.4051811695098877,
ppl,20,key_norm_high,0.1,2.7989277839660645,0.6663968563079834,
ppl,20,stratified,0.1,2.760725498199463,0.6281945705413818,
ppl,20,random,0.1,2.6649436950683594,0.5324127674102783,
ppl,21,full,1.0,1.39089035987854,0.0,
ppl,21,attn_h2o,0.5,1.6687322854995728,0.2778419256210327,
ppl,21,inC_struct,0.5,1.6687322854995728,0.2778419256210327,
ppl,21,eff_res,0.5,1.7523632049560547,0.36147284507751465,
ppl,21,fiedler,0.5,1.392423391342163,0.0015330314636230469,
ppl,21,lplus,0.5,1.6980910301208496,0.30720067024230957,
ppl,21,key_norm_low,0.5,1.6095831394195557,0.21869277954101562,
ppl,21,key_norm_high,0.5,1.8870694637298584,0.49617910385131836,
ppl,21,stratified,0.5,1.6897852420806885,0.29889488220214844,
ppl,21,random,0.5,1.7869173288345337,0.39602696895599365,
ppl,21,attn_h2o,0.25,1.8973621129989624,0.5064717531204224,
ppl,21,inC_struct,0.25,1.8973621129989624,0.5064717531204224,
ppl,21,eff_res,0.25,1.881162405014038,0.49027204513549805,
ppl,21,fiedler,0.25,1.4420874118804932,0.051197052001953125,
ppl,21,lplus,0.25,1.9393831491470337,0.5484927892684937,
ppl,21,key_norm_low,0.25,1.7667596340179443,0.3758692741394043,
ppl,21,key_norm_high,0.25,2.139310836791992,0.7484204769134521,
ppl,21,stratified,0.25,2.0095996856689453,0.6187093257904053,
ppl,21,random,0.25,1.9368020296096802,0.5459116697311401,
ppl,21,attn_h2o,0.1,2.0902013778686523,0.6993110179901123,
ppl,21,inC_struct,0.1,2.0902013778686523,0.6993110179901123,
ppl,21,eff_res,0.1,2.0777039527893066,0.6868135929107666,
ppl,21,fiedler,0.1,2.0222015380859375,0.6313111782073975,
ppl,21,lplus,0.1,2.0565881729125977,0.6656978130340576,
ppl,21,key_norm_low,0.1,2.0281851291656494,0.6372947692871094,
ppl,21,key_norm_high,0.1,2.221642017364502,0.8307516574859619,
ppl,21,stratified,0.1,2.1695966720581055,0.7787063121795654,
ppl,21,random,0.1,2.157985210418701,0.7670948505401611,
ppl,22,full,1.0,2.0326461791992188,0.0,
ppl,22,attn_h2o,0.5,2.0986790657043457,0.06603288650512695,
ppl,22,inC_struct,0.5,2.0986790657043457,0.06603288650512695,
ppl,22,eff_res,0.5,2.0816473960876465,0.049001216888427734,
ppl,22,fiedler,0.5,2.123756170272827,0.0911099910736084,
ppl,22,lplus,0.5,2.074746608734131,0.04210042953491211,
ppl,22,key_norm_low,0.5,2.036411762237549,0.003765583038330078,
ppl,22,key_norm_high,0.5,2.1908135414123535,0.15816736221313477,
ppl,22,stratified,0.5,2.000833034515381,-0.03181314468383789,
ppl,22,random,0.5,2.003325939178467,-0.029320240020751953,
ppl,22,attn_h2o,0.25,2.1602344512939453,0.12758827209472656,
ppl,22,inC_struct,0.25,2.1602344512939453,0.12758827209472656,
ppl,22,eff_res,0.25,2.153259754180908,0.12061357498168945,
ppl,22,fiedler,0.25,2.1633615493774414,0.13071537017822266,
ppl,22,lplus,0.25,2.154738664627075,0.12209248542785645,
ppl,22,key_norm_low,0.25,2.0505642890930176,0.017918109893798828,
ppl,22,key_norm_high,0.25,2.191434860229492,0.15878868103027344,
ppl,22,stratified,0.25,2.0890846252441406,0.056438446044921875,
ppl,22,random,0.25,2.023711681365967,-0.008934497833251953,
ppl,22,attn_h2o,0.1,2.18896484375,0.15631866455078125,
ppl,22,inC_struct,0.1,2.18896484375,0.15631866455078125,
ppl,22,eff_res,0.1,2.184448480606079,0.15180230140686035,
ppl,22,fiedler,0.1,2.195267677307129,0.16262149810791016,
ppl,22,lplus,0.1,2.185525894165039,0.1528797149658203,
ppl,22,key_norm_low,0.1,2.134105682373047,0.10145950317382812,
ppl,22,key_norm_high,0.1,2.198915481567383,0.16626930236816406,
ppl,22,stratified,0.1,2.187335968017578,0.15468978881835938,
ppl,22,random,0.1,2.129293203353882,0.09664702415466309,
ppl,23,full,1.0,2.081054210662842,0.0,
ppl,23,attn_h2o,0.5,2.273719310760498,0.19266510009765625,
ppl,23,inC_struct,0.5,2.273719310760498,0.19266510009765625,
ppl,23,eff_res,0.5,2.246652603149414,0.16559839248657227,
ppl,23,fiedler,0.5,2.3106915950775146,0.22963738441467285,
ppl,23,lplus,0.5,2.2471981048583984,0.16614389419555664,
ppl,23,key_norm_low,0.5,2.1650454998016357,0.08399128913879395,
ppl,23,key_norm_high,0.5,2.227916955947876,0.14686274528503418,
ppl,23,stratified,0.5,2.1092476844787598,0.02819347381591797,
ppl,23,random,0.5,2.100069999694824,0.019015789031982422,
ppl,23,attn_h2o,0.25,2.3784828186035156,0.29742860794067383,
ppl,23,inC_struct,0.25,2.3784828186035156,0.29742860794067383,
ppl,23,eff_res,0.25,2.3701159954071045,0.2890617847442627,
ppl,23,fiedler,0.25,2.4772424697875977,0.39618825912475586,
ppl,23,lplus,0.25,2.3748955726623535,0.2938413619995117,
ppl,23,key_norm_low,0.25,2.3458924293518066,0.26483821868896484,
ppl,23,key_norm_high,0.25,2.301527976989746,0.2204737663269043,
ppl,23,stratified,0.25,2.2053539752960205,0.12429976463317871,
ppl,23,random,0.25,2.3309683799743652,0.24991416931152344,
ppl,23,attn_h2o,0.1,2.592698335647583,0.5116441249847412,
ppl,23,inC_struct,0.1,2.592698335647583,0.5116441249847412,
ppl,23,eff_res,0.1,2.5666379928588867,0.4855837821960449,
ppl,23,fiedler,0.1,2.4352121353149414,0.3541579246520996,
ppl,23,lplus,0.1,2.594165563583374,0.5131113529205322,
ppl,23,key_norm_low,0.1,2.4870052337646484,0.40595102310180664,
ppl,23,key_norm_high,0.1,2.451319456100464,0.37026524543762207,
ppl,23,stratified,0.1,2.3916850090026855,0.31063079833984375,
ppl,23,random,0.1,2.489490032196045,0.4084358215332031,
needle,0,full,1.0,0.3419278562068939,0.0,
needle,0,attn_h2o,0.5,3.35768461227417,3.015756756067276,0.0
needle,0,inC_struct,0.5,3.35768461227417,3.015756756067276,0.0
needle,0,eff_res,0.5,3.3643460273742676,3.0224181711673737,0.0
needle,0,fiedler,0.5,3.4373655319213867,3.095437675714493,0.0
needle,0,lplus,0.5,3.3545966148376465,3.0126687586307526,0.0
needle,0,key_norm_low,0.5,1.8389793634414673,1.4970515072345734,0.5
needle,0,key_norm_high,0.5,3.7010555267333984,3.3591276705265045,0.25
needle,0,stratified,0.5,2.4279775619506836,2.0860497057437897,0.75
needle,0,random,0.5,1.6991640329360962,1.3572361767292023,0.5
needle,0,attn_h2o,0.25,3.309147834777832,2.967219978570938,0.0
needle,0,inC_struct,0.25,3.309147834777832,2.967219978570938,0.0
needle,0,eff_res,0.25,3.423121213912964,3.08119335770607,0.0
needle,0,fiedler,0.25,3.6498727798461914,3.3079449236392975,0.0
needle,0,lplus,0.25,3.2994542121887207,2.957526355981827,0.0
needle,0,key_norm_low,0.25,3.314816474914551,2.972888618707657,0.0
needle,0,key_norm_high,0.25,3.772002935409546,3.430075079202652,0.0
needle,0,stratified,0.25,1.9020206928253174,1.5600928366184235,0.5
needle,0,random,0.25,3.502692937850952,3.1607650816440582,0.0
needle,0,attn_h2o,0.1,3.6902456283569336,3.3483177721500397,0.0
needle,0,inC_struct,0.1,3.6902456283569336,3.3483177721500397,0.0
needle,0,eff_res,0.1,3.6070046424865723,3.2650767862796783,0.0
needle,0,fiedler,0.1,4.014990329742432,3.6730624735355377,0.0
needle,0,lplus,0.1,3.6902456283569336,3.3483177721500397,0.0
needle,0,key_norm_low,0.1,3.908456802368164,3.56652894616127,0.0
needle,0,key_norm_high,0.1,3.8795430660247803,3.5376152098178864,0.0
needle,0,stratified,0.1,3.9121227264404297,3.5701948702335358,0.0
needle,0,random,0.1,2.868035316467285,2.5261074602603912,0.25
needle,1,full,1.0,0.3049764931201935,0.0,
needle,1,attn_h2o,0.5,3.220883369445801,2.9159068763256073,0.0
needle,1,inC_struct,0.5,3.220883369445801,2.9159068763256073,0.0
needle,1,eff_res,0.5,3.2286038398742676,2.923627346754074,0.0
needle,1,fiedler,0.5,3.1974544525146484,2.892477959394455,0.0
needle,1,lplus,0.5,3.22052001953125,2.9155435264110565,0.0
needle,1,key_norm_low,0.5,0.3163720369338989,0.011395543813705444,1.0
needle,1,key_norm_high,0.5,3.384615421295166,3.0796389281749725,0.0
needle,1,stratified,0.5,2.4296815395355225,2.124705046415329,0.5
needle,1,random,0.5,2.441157341003418,2.1361808478832245,0.5
needle,1,attn_h2o,0.25,3.2334141731262207,2.928437680006027,0.0
needle,1,inC_struct,0.25,3.2334141731262207,2.928437680006027,0.0
needle,1,eff_res,0.25,3.233139753341675,2.9281632602214813,0.0
needle,1,fiedler,0.25,3.3934168815612793,3.088440388441086,0.0
needle,1,lplus,0.25,3.231874704360962,2.9268982112407684,0.0
needle,1,key_norm_low,0.25,1.9210928678512573,1.6161163747310638,0.5
needle,1,key_norm_high,0.25,3.3769032955169678,3.0719268023967743,0.0
needle,1,stratified,0.25,2.1654348373413086,1.8604583442211151,0.5
needle,1,random,0.25,3.5540518760681152,3.2490753829479218,0.0
needle,1,attn_h2o,0.1,3.367689609527588,3.0627131164073944,0.0
needle,1,inC_struct,0.1,3.367689609527588,3.0627131164073944,0.0
needle,1,eff_res,0.1,3.350907802581787,3.0459313094615936,0.0
needle,1,fiedler,0.1,3.396820545196533,3.0918440520763397,0.0
needle,1,lplus,0.1,3.3797075748443604,3.074731081724167,0.0
needle,1,key_norm_low,0.1,3.438993215560913,3.1340167224407196,0.0
needle,1,key_norm_high,0.1,3.404285430908203,3.0993089377880096,0.0
needle,1,stratified,0.1,3.433535575866699,3.1285590827465057,0.0
needle,1,random,0.1,3.433727502822876,3.1287510097026825,0.0
needle,2,full,1.0,0.28084081411361694,0.0,
needle,2,attn_h2o,0.5,2.937824249267578,2.656983435153961,0.0
needle,2,inC_struct,0.5,2.937824249267578,2.656983435153961,0.0
needle,2,eff_res,0.5,2.9071245193481445,2.6262837052345276,0.0
needle,2,fiedler,0.5,3.0205793380737305,2.7397385239601135,0.0
needle,2,lplus,0.5,2.9177703857421875,2.6369295716285706,0.0
needle,2,key_norm_low,0.5,0.2838834524154663,0.0030426383018493652,1.0
needle,2,key_norm_high,0.5,3.119156837463379,2.838316023349762,0.0
needle,2,stratified,0.5,1.8382110595703125,1.5573702454566956,0.5
needle,2,random,0.5,0.9399946928024292,0.6591538786888123,1.0
needle,2,attn_h2o,0.25,2.881847381591797,2.60100656747818,0.0
needle,2,inC_struct,0.25,2.881847381591797,2.60100656747818,0.0
needle,2,eff_res,0.25,2.864586353302002,2.583745539188385,0.0
needle,2,fiedler,0.25,2.977494478225708,2.696653664112091,0.0
needle,2,lplus,0.25,2.8730199337005615,2.5921791195869446,0.0
needle,2,key_norm_low,0.25,1.8952537775039673,1.6144129633903503,0.5
needle,2,key_norm_high,0.25,3.0796353816986084,2.7987945675849915,0.0
needle,2,stratified,0.25,1.602489709854126,1.321648895740509,0.5
needle,2,random,0.25,2.350557327270508,2.069716513156891,0.5
needle,2,attn_h2o,0.1,3.0186266899108887,2.7377858757972717,0.0
needle,2,inC_struct,0.1,3.0186266899108887,2.7377858757972717,0.0
needle,2,eff_res,0.1,2.9962868690490723,2.7154460549354553,0.0
needle,2,fiedler,0.1,3.0381593704223633,2.7573185563087463,0.0
needle,2,lplus,0.1,3.0186266899108887,2.7377858757972717,0.0
needle,2,key_norm_low,0.1,3.050422191619873,2.769581377506256,0.0
needle,2,key_norm_high,0.1,3.104487180709839,2.823646366596222,0.0
needle,2,stratified,0.1,3.1226959228515625,2.8418551087379456,0.0
needle,2,random,0.1,3.139359712600708,2.858518898487091,0.0
needle,3,full,1.0,0.35178840160369873,0.0,
needle,3,attn_h2o,0.5,3.1032326221466064,2.7514442205429077,0.3333333333333333
needle,3,inC_struct,0.5,3.1032326221466064,2.7514442205429077,0.3333333333333333
needle,3,eff_res,0.5,3.140364646911621,2.7885762453079224,0.3333333333333333
needle,3,fiedler,0.5,3.216587781906128,2.864799380302429,0.16666666666666666
needle,3,lplus,0.5,3.0889530181884766,2.737164616584778,0.3333333333333333
needle,3,key_norm_low,0.5,1.834956169128418,1.4831677675247192,0.3333333333333333
needle,3,key_norm_high,0.5,3.4276862144470215,3.0758978128433228,0.5
needle,3,stratified,0.5,2.4051883220672607,2.053399920463562,0.3333333333333333
needle,3,random,0.5,3.3610949516296387,3.00930655002594,0.6666666666666666
needle,3,attn_h2o,0.25,3.1382155418395996,2.786427140235901,0.0
needle,3,inC_struct,0.25,3.1382155418395996,2.786427140235901,0.0
needle,3,eff_res,0.25,3.2458858489990234,2.8940974473953247,0.0
needle,3,fiedler,0.25,3.4910824298858643,3.1392940282821655,0.0
needle,3,lplus,0.25,3.2361257076263428,2.884337306022644,0.0
needle,3,key_norm_low,0.25,3.263791799545288,2.9120033979415894,0.16666666666666666
needle,3,key_norm_high,0.25,3.4656639099121094,3.1138755083084106,0.0
needle,3,stratified,0.25,3.2976813316345215,2.9458929300308228,0.0
needle,3,random,0.25,1.9710583686828613,1.6192699670791626,0.3333333333333333
needle,3,attn_h2o,0.1,3.462655544281006,3.110867142677307,0.0
needle,3,inC_struct,0.1,3.462655544281006,3.110867142677307,0.0
needle,3,eff_res,0.1,3.445183753967285,3.0933953523635864,0.0
needle,3,fiedler,0.1,3.498457431793213,3.146669030189514,0.0
needle,3,lplus,0.1,3.4831554889678955,3.1313670873641968,0.0
needle,3,key_norm_low,0.1,3.4770426750183105,3.125254273414612,0.0
needle,3,key_norm_high,0.1,3.4849648475646973,3.1331764459609985,0.0
needle,3,stratified,0.1,3.4632744789123535,3.111486077308655,0.0
needle,3,random,0.1,3.5160317420959473,3.1642433404922485,0.0
needle,4,full,1.0,0.18845359981060028,0.0,
needle,4,attn_h2o,0.5,3.1394197940826416,2.9509661942720413,0.0
needle,4,inC_struct,0.5,3.1394197940826416,2.9509661942720413,0.0
needle,4,eff_res,0.5,3.193929672241211,3.0054760724306107,0.0
needle,4,fiedler,0.5,3.3769547939300537,3.1885011941194534,0.0
needle,4,lplus,0.5,3.1527557373046875,2.964302137494087,0.0
needle,4,key_norm_low,0.5,0.2133038341999054,0.024850234389305115,1.0
needle,4,key_norm_high,0.5,3.3863093852996826,3.1978557854890823,0.0
needle,4,stratified,0.5,1.6509230136871338,1.4624694138765335,0.5
needle,4,random,0.5,2.09401535987854,1.9055617600679398,0.5
needle,4,attn_h2o,0.25,3.1530375480651855,2.9645839482545853,0.0
needle,4,inC_struct,0.25,3.1530375480651855,2.9645839482545853,0.0
needle,4,eff_res,0.25,3.153780937194824,2.965327337384224,0.0
needle,4,fiedler,0.25,3.3637213706970215,3.175267770886421,0.0
needle,4,lplus,0.25,3.1905713081359863,3.002117708325386,0.0
needle,4,key_norm_low,0.25,0.221700519323349,0.03324691951274872,1.0
needle,4,key_norm_high,0.25,3.365701198577881,3.1772475987672806,0.0
needle,4,stratified,0.25,2.373856782913208,2.1854031831026077,0.5
needle,4,random,0.25,3.3554039001464844,3.166950300335884,0.0
needle,4,attn_h2o,0.1,3.338298797607422,3.1498451977968216,0.0
needle,4,inC_struct,0.1,3.338298797607422,3.1498451977968216,0.0
needle,4,eff_res,0.1,3.179260015487671,2.9908064156770706,0.0
needle,4,fiedler,0.1,3.3792052268981934,3.190751627087593,0.0
needle,4,lplus,0.1,3.3214893341064453,3.133035734295845,0.0
needle,4,key_norm_low,0.1,3.1982831954956055,3.009829595685005,0.0
needle,4,key_norm_high,0.1,3.3887624740600586,3.2003088742494583,0.0
needle,4,stratified,0.1,3.415121078491211,3.2266674786806107,0.0
needle,4,random,0.1,3.3682117462158203,3.17975814640522,0.0
needle,5,full,1.0,0.2346314787864685,0.0,
needle,5,attn_h2o,0.5,3.295590877532959,3.0609593987464905,0.0
needle,5,inC_struct,0.5,3.295590877532959,3.0609593987464905,0.0
needle,5,eff_res,0.5,3.3013882637023926,3.066756784915924,0.0
needle,5,fiedler,0.5,3.427520751953125,3.1928892731666565,0.0
needle,5,lplus,0.5,3.297966480255127,3.0633350014686584,0.0
needle,5,key_norm_low,0.5,0.24586772918701172,0.011236250400543213,1.0
needle,5,key_norm_high,0.5,3.414106845855713,3.1794753670692444,0.0
needle,5,stratified,0.5,2.2965521812438965,2.061920702457428,0.5
needle,5,random,0.5,2.3314573764801025,2.096825897693634,0.5
needle,5,attn_h2o,0.25,3.2458248138427734,3.011193335056305,0.0
needle,5,inC_struct,0.25,3.2458248138427734,3.011193335056305,0.0
needle,5,eff_res,0.25,3.1908278465270996,2.956196367740631,0.0
needle,5,fiedler,0.25,3.439833641052246,3.2052021622657776,0.0
needle,5,lplus,0.25,3.315246105194092,3.0806146264076233,0.0
needle,5,key_norm_low,0.25,0.2922874689102173,0.05765599012374878,1.0
needle,5,key_norm_high,0.25,3.4179224967956543,3.183291018009186,0.0
needle,5,stratified,0.25,3.6123785972595215,3.377747118473053,0.0
needle,5,random,0.25,3.428492784500122,3.1938613057136536,0.0
needle,5,attn_h2o,0.1,3.453111171722412,3.2184796929359436,0.0
needle,5,inC_struct,0.1,3.453111171722412,3.2184796929359436,0.0
needle,5,eff_res,0.1,3.449477195739746,3.2148457169532776,0.0
needle,5,fiedler,0.1,3.4611852169036865,3.226553738117218,0.0
needle,5,lplus,0.1,3.4485371112823486,3.21390563249588,0.0
needle,5,key_norm_low,0.1,3.2186570167541504,2.984025537967682,0.0
needle,5,key_norm_high,0.1,3.4647645950317383,3.2301331162452698,0.0
needle,5,stratified,0.1,3.469616651535034,3.2349851727485657,0.0
needle,5,random,0.1,3.4718642234802246,3.237232744693756,0.0
needle,6,full,1.0,0.21837463974952698,0.0,
needle,6,attn_h2o,0.5,3.4324774742126465,3.2141028344631195,0.5454545454545454
needle,6,inC_struct,0.5,3.4324774742126465,3.2141028344631195,0.5454545454545454
needle,6,eff_res,0.5,3.4675679206848145,3.2491932809352875,0.6363636363636364
needle,6,fiedler,0.5,3.475083827972412,3.256709188222885,0.36363636363636365
needle,6,lplus,0.5,3.4377601146698,3.219385474920273,0.6363636363636364
needle,6,key_norm_low,0.5,0.23775766789913177,0.019383028149604797,0.45454545454545453
needle,6,key_norm_high,0.5,3.4346330165863037,3.2162583768367767,0.5454545454545454
needle,6,stratified,0.5,2.267568349838257,2.04919371008873,0.45454545454545453
needle,6,random,0.5,0.3772989809513092,0.15892434120178223,0.8181818181818182
needle,6,attn_h2o,0.25,3.4394030570983887,3.2210284173488617,0.2727272727272727
needle,6,inC_struct,0.25,3.4394030570983887,3.2210284173488617,0.2727272727272727
needle,6,eff_res,0.25,3.3308770656585693,3.1125024259090424,0.36363636363636365
needle,6,fiedler,0.25,3.438770055770874,3.220395416021347,0.2727272727272727
needle,6,lplus,0.25,3.391054153442383,3.172679513692856,0.2727272727272727
needle,6,key_norm_low,0.25,2.514482021331787,2.29610738158226,0.2727272727272727
needle,6,key_norm_high,0.25,3.418302059173584,3.199927419424057,0.45454545454545453
needle,6,stratified,0.25,3.3425252437591553,3.1241506040096283,0.45454545454545453
needle,6,random,0.25,3.5194191932678223,3.3010445535182953,0.18181818181818182
needle,6,attn_h2o,0.1,3.4668996334075928,3.248524993658066,0.18181818181818182
needle,6,inC_struct,0.1,3.4668996334075928,3.248524993658066,0.18181818181818182
needle,6,eff_res,0.1,3.459693431854248,3.241318792104721,0.18181818181818182
needle,6,fiedler,0.1,3.4472317695617676,3.2288571298122406,0.18181818181818182
needle,6,lplus,0.1,3.4668996334075928,3.248524993658066,0.18181818181818182
needle,6,key_norm_low,0.1,3.4906229972839355,3.2722483575344086,0.18181818181818182
needle,6,key_norm_high,0.1,3.448699712753296,3.230325073003769,0.2727272727272727
needle,6,stratified,0.1,3.4764585494995117,3.2580839097499847,0.45454545454545453
needle,6,random,0.1,3.482766628265381,3.264391988515854,0.18181818181818182
needle,7,full,1.0,0.3814035952091217,0.0,
needle,7,attn_h2o,0.5,3.293776035308838,2.912372440099716,0.16666666666666666
needle,7,inC_struct,0.5,3.293776035308838,2.912372440099716,0.16666666666666666
needle,7,eff_res,0.5,3.2968878746032715,2.91548427939415,0.16666666666666666
needle,7,fiedler,0.5,3.263819694519043,2.8824160993099213,0.3333333333333333
needle,7,lplus,0.5,3.3065061569213867,2.925102561712265,0.16666666666666666
needle,7,key_norm_low,0.5,0.4002940058708191,0.018890410661697388,0.5
needle,7,key_norm_high,0.5,3.3718883991241455,2.990484803915024,0.3333333333333333
needle,7,stratified,0.5,2.16670298576355,1.785299390554428,0.5
needle,7,random,0.5,3.145258665084839,2.763855069875717,0.16666666666666666
needle,7,attn_h2o,0.25,3.3152270317077637,2.933823436498642,0.0
needle,7,inC_struct,0.25,3.3152270317077637,2.933823436498642,0.0
needle,7,eff_res,0.25,3.273888111114502,2.8924845159053802,0.0
needle,7,fiedler,0.25,3.4381301403045654,3.0567265450954437,0.16666666666666666
needle,7,lplus,0.25,3.2739930152893066,2.892589420080185,0.16666666666666666
needle,7,key_norm_low,0.25,0.4287780821323395,0.04737448692321777,0.5
needle,7,key_norm_high,0.25,3.439826726913452,3.0584231317043304,0.0
needle,7,stratified,0.25,3.3828656673431396,3.001462072134018,0.0
needle,7,random,0.25,3.373793840408325,2.9923902451992035,0.16666666666666666
needle,7,attn_h2o,0.1,3.3297524452209473,2.9483488500118256,0.0
needle,7,inC_struct,0.1,3.3297524452209473,2.9483488500118256,0.0
needle,7,eff_res,0.1,3.334379196166992,2.9529756009578705,0.0
needle,7,fiedler,0.1,3.413957118988037,3.0325535237789154,0.0
needle,7,lplus,0.1,3.3297524452209473,2.9483488500118256,0.0
needle,7,key_norm_low,0.1,3.3480982780456543,2.9666946828365326,0.0
needle,7,key_norm_high,0.1,3.455601453781128,3.0741978585720062,0.0
needle,7,stratified,0.1,3.382817268371582,3.0014136731624603,0.16666666666666666
needle,7,random,0.1,2.5352885723114014,2.1538849771022797,0.16666666666666666
needle,8,full,1.0,0.26540476083755493,0.0,
needle,8,attn_h2o,0.5,3.2823917865753174,3.0169870257377625,0.3333333333333333
needle,8,inC_struct,0.5,3.2823917865753174,3.0169870257377625,0.3333333333333333
needle,8,eff_res,0.5,3.2883543968200684,3.0229496359825134,0.3333333333333333
needle,8,fiedler,0.5,3.2891530990600586,3.0237483382225037,0.3333333333333333
needle,8,lplus,0.5,3.296813488006592,3.031408727169037,0.3333333333333333
needle,8,key_norm_low,0.5,0.2688203752040863,0.003415614366531372,1.0
needle,8,key_norm_high,0.5,3.315988063812256,3.050583302974701,0.0
needle,8,stratified,0.5,1.7251038551330566,1.4596990942955017,0.3333333333333333
needle,8,random,0.5,3.479344367980957,3.213939607143402,0.0
needle,8,attn_h2o,0.25,3.290482521057129,3.025077760219574,0.3333333333333333
needle,8,inC_struct,0.25,3.290482521057129,3.025077760219574,0.3333333333333333
needle,8,eff_res,0.25,3.217073678970337,2.951668918132782,0.3333333333333333
needle,8,fiedler,0.25,3.284890651702881,3.019485890865326,0.0
needle,8,lplus,0.25,3.310188055038452,3.044783294200897,0.3333333333333333
needle,8,key_norm_low,0.25,0.2943132221698761,0.028908461332321167,1.0
needle,8,key_norm_high,0.25,3.340466022491455,3.0750612616539,0.0
needle,8,stratified,0.25,3.4670488834381104,3.2016441226005554,0.0
needle,8,random,0.25,3.4732630252838135,3.2078582644462585,0.0
needle,8,attn_h2o,0.1,3.4041104316711426,3.1387056708335876,0.0
needle,8,inC_struct,0.1,3.4041104316711426,3.1387056708335876,0.0
needle,8,eff_res,0.1,3.3805480003356934,3.1151432394981384,0.0
needle,8,fiedler,0.1,3.3619818687438965,3.0965771079063416,0.0
needle,8,lplus,0.1,3.4249966144561768,3.159591853618622,0.0
needle,8,key_norm_low,0.1,3.386054039001465,3.12064927816391,0.0
needle,8,key_norm_high,0.1,3.3557064533233643,3.0903016924858093,0.0
needle,8,stratified,0.1,3.350952386856079,3.085547626018524,0.0
needle,8,random,0.1,3.357250452041626,3.091845691204071,0.0
needle,9,full,1.0,0.3151434659957886,0.0,
needle,9,attn_h2o,0.5,3.399798631668091,3.0846551656723022,0.3333333333333333
needle,9,inC_struct,0.5,3.399798631668091,3.0846551656723022,0.3333333333333333
needle,9,eff_res,0.5,3.423255443572998,3.1081119775772095,0.3333333333333333
needle,9,fiedler,0.5,3.365349292755127,3.0502058267593384,0.0
needle,9,lplus,0.5,3.3501009941101074,3.034957528114319,0.3333333333333333
needle,9,key_norm_low,0.5,0.32444238662719727,0.009298920631408691,1.0
needle,9,key_norm_high,0.5,3.586477756500244,3.2713342905044556,0.0
needle,9,stratified,0.5,1.7541536092758179,1.4390101432800293,0.6666666666666666
needle,9,random,0.5,0.3723670542240143,0.05722358822822571,1.0
needle,9,attn_h2o,0.25,3.4136464595794678,3.098502993583679,0.0
needle,9,inC_struct,0.25,3.4136464595794678,3.098502993583679,0.0
needle,9,eff_res,0.25,3.39957332611084,3.0844298601150513,0.0
needle,9,fiedler,0.25,3.6029279232025146,3.287784457206726,0.0
needle,9,lplus,0.25,3.4153146743774414,3.100171208381653,0.0
needle,9,key_norm_low,0.25,0.349321186542511,0.03417772054672241,0.6666666666666666
needle,9,key_norm_high,0.25,3.618781089782715,3.3036376237869263,0.0
needle,9,stratified,0.25,1.8458126783370972,1.5306692123413086,0.3333333333333333
needle,9,random,0.25,1.5975689888000488,1.2824255228042603,0.3333333333333333
needle,9,attn_h2o,0.1,3.6460700035095215,3.330926537513733,0.0
needle,9,inC_struct,0.1,3.6460700035095215,3.330926537513733,0.0
needle,9,eff_res,0.1,3.4024906158447266,3.087347149848938,0.0
needle,9,fiedler,0.1,3.658970355987549,3.3438268899917603,0.0
needle,9,lplus,0.1,3.630167007446289,3.3150235414505005,0.0
needle,9,key_norm_low,0.1,3.4938435554504395,3.178700089454651,0.0
needle,9,key_norm_high,0.1,3.6675007343292236,3.352357268333435,0.0
needle,9,stratified,0.1,3.652838706970215,3.3376952409744263,0.0
needle,9,random,0.1,3.6686811447143555,3.353537678718567,0.0
needle,10,full,1.0,0.2274884581565857,0.0,
needle,10,attn_h2o,0.5,3.3661069869995117,3.138618528842926,0.0
needle,10,inC_struct,0.5,3.3661069869995117,3.138618528842926,0.0
needle,10,eff_res,0.5,3.4390151500701904,3.2115266919136047,0.2
needle,10,fiedler,0.5,3.684436798095703,3.4569483399391174,0.4
needle,10,lplus,0.5,3.370173931121826,3.1426854729652405,0.0
needle,10,key_norm_low,0.5,0.23671166598796844,0.009223207831382751,0.4
needle,10,key_norm_high,0.5,3.7112646102905273,3.4837761521339417,0.4
needle,10,stratified,0.5,2.0635764598846436,1.8360880017280579,0.2
needle,10,random,0.5,2.319368362426758,2.091879904270172,0.4
needle,10,attn_h2o,0.25,3.7406678199768066,3.513179361820221,0.0
needle,10,inC_struct,0.25,3.7406678199768066,3.513179361820221,0.0
needle,10,eff_res,0.25,3.4926271438598633,3.2651386857032776,0.0
needle,10,fiedler,0.25,3.661900520324707,3.4344120621681213,0.0
needle,10,lplus,0.25,3.5062246322631836,3.278736174106598,0.0
needle,10,key_norm_low,0.25,0.23695877194404602,0.009470313787460327,0.4
needle,10,key_norm_high,0.25,3.7698259353637695,3.542337477207184,0.0
needle,10,stratified,0.25,2.238339424133301,2.010850965976715,0.6
needle,10,random,0.25,3.803830146789551,3.576341688632965,0.0
needle,10,attn_h2o,0.1,3.717217445373535,3.4897289872169495,0.0
needle,10,inC_struct,0.1,3.717217445373535,3.4897289872169495,0.0
needle,10,eff_res,0.1,3.706287384033203,3.4787989258766174,0.0
needle,10,fiedler,0.1,3.6891543865203857,3.4616659283638,0.0
needle,10,lplus,0.1,3.713608503341675,3.486120045185089,0.0
needle,10,key_norm_low,0.1,3.5407700538635254,3.3132815957069397,0.0
needle,10,key_norm_high,0.1,3.760944366455078,3.5334559082984924,0.0
needle,10,stratified,0.1,3.739797592163086,3.5123091340065002,0.2
needle,10,random,0.1,3.7371444702148438,3.509656012058258,0.0
needle,11,full,1.0,0.2802049219608307,0.0,
needle,11,attn_h2o,0.5,2.8720827102661133,2.5918777883052826,0.4166666666666667
needle,11,inC_struct,0.5,2.8720827102661133,2.5918777883052826,0.4166666666666667
needle,11,eff_res,0.5,2.8646254539489746,2.584420531988144,0.6666666666666666
needle,11,fiedler,0.5,3.012009382247925,2.731804460287094,0.4166666666666667
needle,11,lplus,0.5,2.8810877799987793,2.6008828580379486,0.4166666666666667
needle,11,key_norm_low,0.5,0.2861762046813965,0.005971282720565796,0.5833333333333334
needle,11,key_norm_high,0.5,3.077878952026367,2.7976740300655365,0.25
needle,11,stratified,0.5,2.16556453704834,1.8853596150875092,0.5833333333333334
needle,11,random,0.5,1.9656155109405518,1.685410588979721,0.5
needle,11,attn_h2o,0.25,2.8792784214019775,2.599073499441147,0.25
needle,11,inC_struct,0.25,2.8792784214019775,2.599073499441147,0.25
needle,11,eff_res,0.25,2.849374532699585,2.5691696107387543,0.16666666666666666
needle,11,fiedler,0.25,3.086134910583496,2.8059299886226654,0.25
needle,11,lplus,0.25,2.8714261054992676,2.591221183538437,0.16666666666666666
needle,11,key_norm_low,0.25,0.29145359992980957,0.011248677968978882,0.3333333333333333
needle,11,key_norm_high,0.25,3.1158080101013184,2.8356030881404877,0.16666666666666666
needle,11,stratified,0.25,2.9870662689208984,2.7068613469600677,0.16666666666666666
needle,11,random,0.25,2.879995822906494,2.5997909009456635,0.25
needle,11,attn_h2o,0.1,3.1069881916046143,2.8267832696437836,0.0
needle,11,inC_struct,0.1,3.1069881916046143,2.8267832696437836,0.0
needle,11,eff_res,0.1,2.953616142272949,2.6734112203121185,0.0
needle,11,fiedler,0.1,3.1734704971313477,2.893265575170517,0.08333333333333333
needle,11,lplus,0.1,2.960948944091797,2.680744022130966,0.0
needle,11,key_norm_low,0.1,3.0217018127441406,2.74149689078331,0.0
needle,11,key_norm_high,0.1,3.1077728271484375,2.827567905187607,0.08333333333333333
needle,11,stratified,0.1,2.2918381690979004,2.0116332471370697,0.16666666666666666
needle,11,random,0.1,2.978872776031494,2.6986678540706635,0.0
needle,12,full,1.0,0.2560425400733948,0.0,
needle,12,attn_h2o,0.5,3.240889310836792,2.984846770763397,0.4
needle,12,inC_struct,0.5,3.240889310836792,2.984846770763397,0.4
needle,12,eff_res,0.5,3.244828224182129,2.988785684108734,0.4
needle,12,fiedler,0.5,3.341032028198242,3.0849894881248474,0.3
needle,12,lplus,0.5,2.974412441253662,2.7183699011802673,0.3
needle,12,key_norm_low,0.5,0.23535789549350739,-0.02068464457988739,0.5
needle,12,key_norm_high,0.5,3.607907772064209,3.351865231990814,0.5
needle,12,stratified,0.5,1.9654415845870972,1.7093990445137024,0.6
needle,12,random,0.5,1.902738094329834,1.6466955542564392,0.7
needle,12,attn_h2o,0.25,3.3567192554473877,3.100676715373993,0.0
needle,12,inC_struct,0.25,3.3567192554473877,3.100676715373993,0.0
needle,12,eff_res,0.25,3.3710875511169434,3.1150450110435486,0.0
needle,12,fiedler,0.25,3.5214993953704834,3.2654568552970886,0.0
needle,12,lplus,0.25,3.353532075881958,3.0974895358085632,0.0
needle,12,key_norm_low,0.25,0.24340783059597015,-0.012634709477424622,0.2
needle,12,key_norm_high,0.25,3.595937728881836,3.339895188808441,0.3
needle,12,stratified,0.25,3.237246513366699,2.9812039732933044,0.2
needle,12,random,0.25,3.2145419120788574,2.9584993720054626,0.2
needle,12,attn_h2o,0.1,3.3902435302734375,3.1342009902000427,0.0
needle,12,inC_struct,0.1,3.3902435302734375,3.1342009902000427,0.0
needle,12,eff_res,0.1,3.365929126739502,3.109886586666107,0.0
needle,12,fiedler,0.1,3.4455583095550537,3.189515769481659,0.0
needle,12,lplus,0.1,3.380162239074707,3.1241196990013123,0.0
needle,12,key_norm_low,0.1,3.2574777603149414,3.0014352202415466,0.0
needle,12,key_norm_high,0.1,3.5116076469421387,3.255565106868744,0.0
needle,12,stratified,0.1,3.558472156524658,3.3024296164512634,0.1
needle,12,random,0.1,3.52296781539917,3.266925275325775,0.0
needle,13,full,1.0,0.3182850480079651,0.0,
needle,13,attn_h2o,0.5,3.200281858444214,2.881996810436249,0.25
needle,13,inC_struct,0.5,3.200281858444214,2.881996810436249,0.25
needle,13,eff_res,0.5,3.1027650833129883,2.784480035305023,0.25
needle,13,fiedler,0.5,3.20035719871521,2.882072150707245,0.25
needle,13,lplus,0.5,3.2470388412475586,2.9287537932395935,0.25
needle,13,key_norm_low,0.5,0.3159031271934509,-0.00238192081451416,0.75
needle,13,key_norm_high,0.5,3.1723055839538574,2.8540205359458923,0.25
needle,13,stratified,0.5,2.5372231006622314,2.2189380526542664,0.5
needle,13,random,0.5,0.47979575395584106,0.16151070594787598,0.75
needle,13,attn_h2o,0.25,3.1501762866973877,2.8318912386894226,0.0
needle,13,inC_struct,0.25,3.1501762866973877,2.8318912386894226,0.0
needle,13,eff_res,0.25,3.053617000579834,2.735331952571869,0.0
needle,13,fiedler,0.25,3.1357522010803223,2.817467153072357,0.0
needle,13,lplus,0.25,3.0918185710906982,2.773533523082733,0.0
needle,13,key_norm_low,0.25,0.3508472740650177,0.03256222605705261,0.5
needle,13,key_norm_high,0.25,3.186033248901367,2.867748200893402,0.0
needle,13,stratified,0.25,2.0798044204711914,1.7615193724632263,0.25
needle,13,random,0.25,3.2374520301818848,2.9191669821739197,0.25
needle,13,attn_h2o,0.1,3.162858486175537,2.844573438167572,0.0
needle,13,inC_struct,0.1,3.162858486175537,2.844573438167572,0.0
needle,13,eff_res,0.1,3.168160915374756,2.8498758673667908,0.0
needle,13,fiedler,0.1,3.1696228981018066,2.8513378500938416,0.0
needle,13,lplus,0.1,3.1757688522338867,2.8574838042259216,0.0
needle,13,key_norm_low,0.1,3.154116630554199,2.835831582546234,0.0
needle,13,key_norm_high,0.1,3.193427085876465,2.8751420378684998,0.0
needle,13,stratified,0.1,3.199476957321167,2.881191909313202,0.0
needle,13,random,0.1,3.2108700275421143,2.892584979534149,0.0
needle,14,full,1.0,0.2546629011631012,0.0,
needle,14,attn_h2o,0.5,3.214207649230957,2.959544748067856,0.25
needle,14,inC_struct,0.5,3.214207649230957,2.959544748067856,0.25
needle,14,eff_res,0.5,3.187437057495117,2.932774156332016,0.25
needle,14,fiedler,0.5,3.421165943145752,3.1665030419826508,0.375
needle,14,lplus,0.5,3.2055211067199707,2.9508582055568695,0.25
needle,14,key_norm_low,0.5,0.2503712475299835,-0.004291653633117676,0.75
needle,14,key_norm_high,0.5,3.4570207595825195,3.2023578584194183,0.25
needle,14,stratified,0.5,2.3358206748962402,2.081157773733139,0.375
needle,14,random,0.5,3.1489176750183105,2.8942547738552094,0.125
needle,14,attn_h2o,0.25,3.159356117248535,2.904693216085434,0.125
needle,14,inC_struct,0.25,3.159356117248535,2.904693216085434,0.125
needle,14,eff_res,0.25,3.248875617980957,2.994212716817856,0.0
needle,14,fiedler,0.25,3.417370319366455,3.162707418203354,0.0
needle,14,lplus,0.25,3.1589694023132324,2.9043065011501312,0.125
needle,14,key_norm_low,0.25,3.1707048416137695,2.9160419404506683,0.125
needle,14,key_norm_high,0.25,3.4973647594451904,3.2427018582820892,0.125
needle,14,stratified,0.25,2.3088526725769043,2.054189771413803,0.5
needle,14,random,0.25,3.2569870948791504,3.002324193716049,0.0
needle,14,attn_h2o,0.1,3.525214195251465,3.2705512940883636,0.0
needle,14,inC_struct,0.1,3.525214195251465,3.2705512940883636,0.0
needle,14,eff_res,0.1,3.4919066429138184,3.237243741750717,0.0
needle,14,fiedler,0.1,3.5051724910736084,3.250509589910507,0.0
needle,14,lplus,0.1,3.5029873847961426,3.2483244836330414,0.0
needle,14,key_norm_low,0.1,3.587850332260132,3.3331874310970306,0.0
needle,14,key_norm_high,0.1,3.56115984916687,3.306496948003769,0.0
needle,14,stratified,0.1,2.3361189365386963,2.081456035375595,0.25
needle,14,random,0.1,3.5358078479766846,3.2811449468135834,0.0
needle,15,full,1.0,0.26748591661453247,0.0,
needle,15,attn_h2o,0.5,3.062314987182617,2.7948290705680847,0.3333333333333333
needle,15,inC_struct,0.5,3.062314987182617,2.7948290705680847,0.3333333333333333
needle,15,eff_res,0.5,3.0715367794036865,2.804050862789154,0.3333333333333333
needle,15,fiedler,0.5,3.1295089721679688,2.8620230555534363,0.2222222222222222
needle,15,lplus,0.5,3.1454100608825684,2.877924144268036,0.3333333333333333
needle,15,key_norm_low,0.5,0.27721303701400757,0.009727120399475098,0.5555555555555556
needle,15,key_norm_high,0.5,3.167041778564453,2.8995558619499207,0.4444444444444444
needle,15,stratified,0.5,2.0984997749328613,1.8310138583183289,0.5555555555555556
needle,15,random,0.5,0.5981965661048889,0.33071064949035645,0.6666666666666666
needle,15,attn_h2o,0.25,3.1498944759368896,2.882408559322357,0.1111111111111111
needle,15,inC_struct,0.25,3.1498944759368896,2.882408559322357,0.1111111111111111
needle,15,eff_res,0.25,3.124967098236084,2.8574811816215515,0.1111111111111111
needle,15,fiedler,0.25,3.140280246734619,2.8727943301200867,0.0
needle,15,lplus,0.25,3.1600778102874756,2.892591893672943,0.1111111111111111
needle,15,key_norm_low,0.25,0.3217640519142151,0.05427813529968262,0.3333333333333333
needle,15,key_norm_high,0.25,3.1838622093200684,2.916376292705536,0.0
needle,15,stratified,0.25,3.07163143157959,2.8041455149650574,0.2222222222222222
needle,15,random,0.25,2.8828682899475098,2.6153823733329773,0.1111111111111111
needle,15,attn_h2o,0.1,3.1465015411376953,2.879015624523163,0.0
needle,15,inC_struct,0.1,3.1465015411376953,2.879015624523163,0.0
needle,15,eff_res,0.1,3.1361303329467773,2.868644416332245,0.0
needle,15,fiedler,0.1,3.160579204559326,2.8930932879447937,0.0
needle,15,lplus,0.1,3.1486878395080566,2.881201922893524,0.0
needle,15,key_norm_low,0.1,3.0802338123321533,2.812747895717621,0.1111111111111111
needle,15,key_norm_high,0.1,3.1960771083831787,2.9285911917686462,0.0
needle,15,stratified,0.1,3.184422016143799,2.9169360995292664,0.0
needle,15,random,0.1,3.1959075927734375,2.928421676158905,0.0
needle,16,full,1.0,0.23674501478672028,0.0,
needle,16,attn_h2o,0.5,3.2159945964813232,2.979249581694603,0.2
needle,16,inC_struct,0.5,3.2159945964813232,2.979249581694603,0.2
needle,16,eff_res,0.5,3.1490275859832764,2.912282571196556,0.2
needle,16,fiedler,0.5,3.305872917175293,3.0691279023885727,0.4
needle,16,lplus,0.5,3.2240209579467773,2.987275943160057,0.2
needle,16,key_norm_low,0.5,0.23094403743743896,-0.005800977349281311,1.0
needle,16,key_norm_high,0.5,3.2895138263702393,3.052768811583519,0.0
needle,16,stratified,0.5,2.3288028240203857,2.0920578092336655,0.2
needle,16,random,0.5,2.303403615951538,2.066658601164818,0.6
needle,16,attn_h2o,0.25,3.4918742179870605,3.2551292032003403,0.0
needle,16,inC_struct,0.25,3.4918742179870605,3.2551292032003403,0.0
needle,16,eff_res,0.25,3.4487862586975098,3.2120412439107895,0.0
needle,16,fiedler,0.25,3.3694605827331543,3.132715567946434,0.0
needle,16,lplus,0.25,3.4950408935546875,3.2582958787679672,0.0
needle,16,key_norm_low,0.25,0.2577793002128601,0.02103428542613983,0.6
needle,16,key_norm_high,0.25,3.427858352661133,3.1911133378744125,0.0
needle,16,stratified,0.25,2.1018450260162354,1.865100011229515,0.4
needle,16,random,0.25,3.2472915649414062,3.010546550154686,0.0
needle,16,attn_h2o,0.1,3.4595723152160645,3.222827300429344,0.0
needle,16,inC_struct,0.1,3.4595723152160645,3.222827300429344,0.0
needle,16,eff_res,0.1,3.457125663757324,3.220380648970604,0.0
needle,16,fiedler,0.1,3.568129301071167,3.3313842862844467,0.0
needle,16,lplus,0.1,3.4595723152160645,3.222827300429344,0.0
needle,16,key_norm_low,0.1,3.653684139251709,3.4169391244649887,0.0
needle,16,key_norm_high,0.1,3.5561041831970215,3.319359168410301,0.0
needle,16,stratified,0.1,3.6025121212005615,3.3657671064138412,0.0
needle,16,random,0.1,3.5682373046875,3.3314922899007797,0.0
needle,17,full,1.0,0.33465439081192017,0.0,
needle,17,attn_h2o,0.5,3.401211738586426,3.0665573477745056,0.0
needle,17,inC_struct,0.5,3.401211738586426,3.0665573477745056,0.0
needle,17,eff_res,0.5,3.382734775543213,3.0480803847312927,0.0
needle,17,fiedler,0.5,3.6616907119750977,3.3270363211631775,0.0
needle,17,lplus,0.5,3.261807918548584,2.927153527736664,0.0
needle,17,key_norm_low,0.5,0.3502669632434845,0.015612572431564331,1.0
needle,17,key_norm_high,0.5,3.716926336288452,3.382271945476532,0.0
needle,17,stratified,0.5,2.2063939571380615,1.8717395663261414,0.5
needle,17,random,0.5,3.203029155731201,2.868374764919281,0.0
needle,17,attn_h2o,0.25,3.394935131072998,3.060280740261078,0.0
needle,17,inC_struct,0.25,3.394935131072998,3.060280740261078,0.0
needle,17,eff_res,0.25,3.460078716278076,3.125424325466156,0.0
needle,17,fiedler,0.25,3.695671319961548,3.3610169291496277,0.0
needle,17,lplus,0.25,3.488346576690674,3.1536921858787537,0.0
needle,17,key_norm_low,0.25,1.7573293447494507,1.4226749539375305,0.5
needle,17,key_norm_high,0.25,3.7592623233795166,3.4246079325675964,0.0
needle,17,stratified,0.25,2.230459690093994,1.895805299282074,0.5
needle,17,random,0.25,3.6910388469696045,3.3563844561576843,0.0
needle,17,attn_h2o,0.1,3.83573579788208,3.50108140707016,0.0
needle,17,inC_struct,0.1,3.83573579788208,3.50108140707016,0.0
needle,17,eff_res,0.1,3.8297457695007324,3.4950913786888123,0.0
needle,17,fiedler,0.1,3.8693747520446777,3.5347203612327576,0.0
needle,17,lplus,0.1,3.86710262298584,3.5324482321739197,0.0
needle,17,key_norm_low,0.1,3.634063959121704,3.299409568309784,0.0
needle,17,key_norm_high,0.1,3.8481905460357666,3.5135361552238464,0.0
needle,17,stratified,0.1,3.9111411571502686,3.5764867663383484,0.0
needle,17,random,0.1,3.798678398132324,3.464024007320404,0.0
needle,18,full,1.0,0.29216906428337097,0.0,
needle,18,attn_h2o,0.5,3.3954293727874756,3.1032603085041046,0.0
needle,18,inC_struct,0.5,3.3954293727874756,3.1032603085041046,0.0
needle,18,eff_res,0.5,3.3867909908294678,3.094621926546097,0.0
needle,18,fiedler,0.5,3.371263265609741,3.0790942013263702,0.3333333333333333
needle,18,lplus,0.5,2.2370119094848633,1.9448428452014923,0.3333333333333333
needle,18,key_norm_low,0.5,0.27023422718048096,-0.021934837102890015,0.6666666666666666
needle,18,key_norm_high,0.5,3.5073530673980713,3.2151840031147003,0.3333333333333333
needle,18,stratified,0.5,2.2481744289398193,1.9560053646564484,0.3333333333333333
needle,18,random,0.5,2.237384796142578,1.9452157318592072,0.6666666666666666
needle,18,attn_h2o,0.25,3.406291961669922,3.114122897386551,0.0
needle,18,inC_struct,0.25,3.406291961669922,3.114122897386551,0.0
needle,18,eff_res,0.25,3.2424187660217285,2.9502497017383575,0.0
needle,18,fiedler,0.25,3.4680347442626953,3.1758656799793243,0.0
needle,18,lplus,0.25,3.3360471725463867,3.0438781082630157,0.0
needle,18,key_norm_low,0.25,1.4875457286834717,1.1953766644001007,0.3333333333333333
needle,18,key_norm_high,0.25,3.550971031188965,3.258801966905594,0.0
needle,18,stratified,0.25,2.4764022827148438,2.184233218431473,0.3333333333333333
needle,18,random,0.25,3.6241674423217773,3.3319983780384064,0.0
needle,18,attn_h2o,0.1,3.4623422622680664,3.1701731979846954,0.0
needle,18,inC_struct,0.1,3.4623422622680664,3.1701731979846954,0.0
needle,18,eff_res,0.1,3.4551079273223877,3.1629388630390167,0.0
needle,18,fiedler,0.1,3.5605835914611816,3.2684145271778107,0.0
needle,18,lplus,0.1,3.55206561088562,3.259896546602249,0.0
needle,18,key_norm_low,0.1,3.290830135345459,2.998661071062088,0.0
needle,18,key_norm_high,0.1,3.569117546081543,3.276948481798172,0.0
needle,18,stratified,0.1,3.5957045555114746,3.3035354912281036,0.0
needle,18,random,0.1,3.584243059158325,3.2920739948749542,0.0
needle,19,full,1.0,0.2509414255619049,0.0,
needle,19,attn_h2o,0.5,3.314918279647827,3.0639768540859222,0.375
needle,19,inC_struct,0.5,3.314918279647827,3.0639768540859222,0.375
needle,19,eff_res,0.5,3.347656011581421,3.096714586019516,0.75
needle,19,fiedler,0.5,3.3977913856506348,3.14684996008873,0.5
needle,19,lplus,0.5,2.249112367630005,1.9981709420681,0.375
needle,19,key_norm_low,0.5,0.23945309221744537,-0.011488333344459534,0.375
needle,19,key_norm_high,0.5,3.4166922569274902,3.1657508313655853,0.625
needle,19,stratified,0.5,2.007645606994629,1.756704181432724,0.375
needle,19,random,0.5,3.284376621246338,3.033435195684433,0.125
needle,19,attn_h2o,0.25,3.296067476272583,3.045126050710678,0.125
needle,19,inC_struct,0.25,3.296067476272583,3.045126050710678,0.125
needle,19,eff_res,0.25,3.2891151905059814,3.0381737649440765,0.125
needle,19,fiedler,0.25,3.413543224334717,3.162601798772812,0.0
needle,19,lplus,0.25,2.4992895126342773,2.2483480870723724,0.25
needle,19,key_norm_low,0.25,1.9513821601867676,1.7004407346248627,0.25
needle,19,key_norm_high,0.25,3.4607605934143066,3.2098191678524017,0.375
needle,19,stratified,0.25,3.3687565326690674,3.1178151071071625,0.0
needle,19,random,0.25,3.316840171813965,3.06589874625206,0.125
needle,19,attn_h2o,0.1,3.408430337905884,3.157488912343979,0.0
needle,19,inC_struct,0.1,3.408430337905884,3.157488912343979,0.0
needle,19,eff_res,0.1,3.419893980026245,3.16895255446434,0.0
needle,19,fiedler,0.1,3.463059425354004,3.212117999792099,0.0
needle,19,lplus,0.1,3.472572088241577,3.2216306626796722,0.125
needle,19,key_norm_low,0.1,3.3582332134246826,3.1072917878627777,0.0
needle,19,key_norm_high,0.1,3.513536214828491,3.2625947892665863,0.0
needle,19,stratified,0.1,3.4596505165100098,3.208709090948105,0.0
needle,19,random,0.1,3.4856667518615723,3.2347253262996674,0.0
needle,20,full,1.0,0.2834036946296692,0.0,
needle,20,attn_h2o,0.5,3.307039976119995,3.023636281490326,0.5
needle,20,inC_struct,0.5,3.307039976119995,3.023636281490326,0.5
needle,20,eff_res,0.5,3.3306756019592285,3.0472719073295593,0.5
needle,20,fiedler,0.5,3.6665890216827393,3.38318532705307,0.375
needle,20,lplus,0.5,3.2706713676452637,2.9872676730155945,0.5
needle,20,key_norm_low,0.5,0.2918405532836914,0.008436858654022217,0.625
needle,20,key_norm_high,0.5,3.665337562561035,3.381933867931366,0.25
needle,20,stratified,0.5,1.6737183332443237,1.3903146386146545,0.375
needle,20,random,0.5,3.4083023071289062,3.124898612499237,0.5
needle,20,attn_h2o,0.25,3.3342604637145996,3.0508567690849304,0.125
needle,20,inC_struct,0.25,3.3342604637145996,3.0508567690849304,0.125
needle,20,eff_res,0.25,3.4224820137023926,3.1390783190727234,0.125
needle,20,fiedler,0.25,3.7394745349884033,3.456070840358734,0.0
needle,20,lplus,0.25,3.305940628051758,3.0225369334220886,0.125
needle,20,key_norm_low,0.25,1.5650956630706787,1.2816919684410095,0.25
needle,20,key_norm_high,0.25,3.7211880683898926,3.4377843737602234,0.125
needle,20,stratified,0.25,3.5647549629211426,3.2813512682914734,0.0
needle,20,random,0.25,1.725147008895874,1.4417433142662048,0.25
needle,20,attn_h2o,0.1,3.6196372509002686,3.3362335562705994,0.0
needle,20,inC_struct,0.1,3.6196372509002686,3.3362335562705994,0.0
needle,20,eff_res,0.1,3.3777964115142822,3.094392716884613,0.0
needle,20,fiedler,0.1,3.6520192623138428,3.3686155676841736,0.0
needle,20,lplus,0.1,3.6196372509002686,3.3362335562705994,0.0
needle,20,key_norm_low,0.1,3.357758045196533,3.074354350566864,0.0
needle,20,key_norm_high,0.1,3.7490413188934326,3.4656376242637634,0.0
needle,20,stratified,0.1,3.74469256401062,3.461288869380951,0.0
needle,20,random,0.1,3.716135263442993,3.432731568813324,0.0
needle,21,full,1.0,0.2225363403558731,0.0,
needle,21,attn_h2o,0.5,3.4810805320739746,3.2585441917181015,0.0
needle,21,inC_struct,0.5,3.4810805320739746,3.2585441917181015,0.0
needle,21,eff_res,0.5,3.448498249053955,3.225961908698082,0.0
needle,21,fiedler,0.5,0.22976085543632507,0.007224515080451965,1.0
needle,21,lplus,0.5,3.5234627723693848,3.3009264320135117,0.3333333333333333
needle,21,key_norm_low,0.5,0.2323848307132721,0.009848490357398987,0.6666666666666666
needle,21,key_norm_high,0.5,3.7259554862976074,3.5034191459417343,0.3333333333333333
needle,21,stratified,0.5,2.4328250885009766,2.2102887481451035,0.6666666666666666
needle,21,random,0.5,3.4838476181030273,3.2613112777471542,0.0
needle,21,attn_h2o,0.25,3.572042942047119,3.349506601691246,0.0
needle,21,inC_struct,0.25,3.572042942047119,3.349506601691246,0.0
needle,21,eff_res,0.25,3.6840360164642334,3.4614996761083603,0.0
needle,21,fiedler,0.25,3.6133580207824707,3.3908216804265976,0.0
needle,21,lplus,0.25,3.6600096225738525,3.4374732822179794,0.0
needle,21,key_norm_low,0.25,0.25424814224243164,0.03171180188655853,0.6666666666666666
needle,21,key_norm_high,0.25,3.7730226516723633,3.55048631131649,0.0
needle,21,stratified,0.25,3.6262099742889404,3.4036736339330673,0.0
needle,21,random,0.25,2.5335583686828613,2.311022028326988,0.6666666666666666
needle,21,attn_h2o,0.1,3.711444616317749,3.488908275961876,0.0
needle,21,inC_struct,0.1,3.711444616317749,3.488908275961876,0.0
needle,21,eff_res,0.1,3.624453544616699,3.401917204260826,0.0
needle,21,fiedler,0.1,3.82816219329834,3.6056258529424667,0.0
needle,21,lplus,0.1,3.7551822662353516,3.5326459258794785,0.0
needle,21,key_norm_low,0.1,3.6670050621032715,3.4444687217473984,0.0
needle,21,key_norm_high,0.1,3.7999396324157715,3.5774032920598984,0.0
needle,21,stratified,0.1,3.7184038162231445,3.4958674758672714,0.0
needle,21,random,0.1,3.7935569286346436,3.5710205882787704,0.0
needle,22,full,1.0,0.3126966059207916,0.0,
needle,22,attn_h2o,0.5,3.277146816253662,2.9644502103328705,0.42857142857142855
needle,22,inC_struct,0.5,3.277146816253662,2.9644502103328705,0.42857142857142855
needle,22,eff_res,0.5,3.3359575271606445,3.023260921239853,0.5714285714285714
needle,22,fiedler,0.5,3.660737991333008,3.348041385412216,0.42857142857142855
needle,22,lplus,0.5,3.266620397567749,2.9539237916469574,0.42857142857142855
needle,22,key_norm_low,0.5,0.3362596035003662,0.023562997579574585,0.8571428571428571
needle,22,key_norm_high,0.5,3.642531156539917,3.3298345506191254,0.14285714285714285
needle,22,stratified,0.5,2.206108808517456,1.8934122025966644,0.2857142857142857
needle,22,random,0.5,2.289142370223999,1.9764457643032074,0.2857142857142857
needle,22,attn_h2o,0.25,3.3142991065979004,3.0016025006771088,0.2857142857142857
needle,22,inC_struct,0.25,3.3142991065979004,3.0016025006771088,0.2857142857142857
needle,22,eff_res,0.25,3.316237449645996,3.0035408437252045,0.42857142857142855
needle,22,fiedler,0.25,3.726702928543091,3.414006322622299,0.0
needle,22,lplus,0.25,3.306337833404541,2.9936412274837494,0.2857142857142857
needle,22,key_norm_low,0.25,0.3307192921638489,0.01802268624305725,0.42857142857142855
needle,22,key_norm_high,0.25,3.702017307281494,3.3893207013607025,0.0
needle,22,stratified,0.25,2.7133030891418457,2.400606483221054,0.5714285714285714
needle,22,random,0.25,3.463625431060791,3.1509288251399994,0.0
needle,22,attn_h2o,0.1,3.6114892959594727,3.298792690038681,0.0
needle,22,inC_struct,0.1,3.6114892959594727,3.298792690038681,0.0
needle,22,eff_res,0.1,3.6178200244903564,3.305123418569565,0.0
needle,22,fiedler,0.1,3.7355270385742188,3.422830432653427,0.0
needle,22,lplus,0.1,3.5934317111968994,3.280735105276108,0.0
needle,22,key_norm_low,0.1,3.404047966003418,3.0913513600826263,0.0
needle,22,key_norm_high,0.1,3.734570026397705,3.4218734204769135,0.0
needle,22,stratified,0.1,3.6990647315979004,3.3863681256771088,0.0
needle,22,random,0.1,3.7026004791259766,3.389903873205185,0.0
needle,23,full,1.0,0.3346550762653351,0.0,
needle,23,attn_h2o,0.5,3.151221513748169,2.816566437482834,0.2857142857142857
needle,23,inC_struct,0.5,3.151221513748169,2.816566437482834,0.2857142857142857
needle,23,eff_res,0.5,3.121674060821533,2.787018984556198,0.2857142857142857
needle,23,fiedler,0.5,3.3203399181365967,2.9856848418712616,0.42857142857142855
needle,23,lplus,0.5,3.14072322845459,2.8060681521892548,0.2857142857142857
needle,23,key_norm_low,0.5,0.34782037138938904,0.013165295124053955,0.7142857142857143
needle,23,key_norm_high,0.5,3.3709349632263184,3.0362798869609833,0.2857142857142857
needle,23,stratified,0.5,2.365751266479492,2.031096190214157,0.5714285714285714
needle,23,random,0.5,1.787024736404419,1.4523696601390839,0.7142857142857143
needle,23,attn_h2o,0.25,3.144469738006592,2.8098146617412567,0.14285714285714285
needle,23,inC_struct,0.25,3.144469738006592,2.8098146617412567,0.14285714285714285
needle,23,eff_res,0.25,3.200042247772217,2.8653871715068817,0.14285714285714285
needle,23,fiedler,0.25,3.3276424407958984,2.9929873645305634,0.2857142857142857
needle,23,lplus,0.25,3.1736509799957275,2.8389959037303925,0.14285714285714285
needle,23,key_norm_low,0.25,1.971528172492981,1.6368730962276459,0.2857142857142857
needle,23,key_norm_high,0.25,3.3907089233398438,3.0560538470745087,0.14285714285714285
needle,23,stratified,0.25,3.3919434547424316,3.0572883784770966,0.0
needle,23,random,0.25,3.2169570922851562,2.882302016019821,0.14285714285714285
needle,23,attn_h2o,0.1,3.2292239665985107,2.8945688903331757,0.0
needle,23,inC_struct,0.1,3.2292239665985107,2.8945688903331757,0.0
needle,23,eff_res,0.1,3.22662091255188,2.891965836286545,0.0
needle,23,fiedler,0.1,3.3599352836608887,3.0252802073955536,0.0
needle,23,lplus,0.1,3.22123384475708,2.886578768491745,0.0
needle,23,key_norm_low,0.1,3.2514257431030273,2.9167706668376923,0.0
needle,23,key_norm_high,0.1,3.4312102794647217,3.0965552031993866,0.0
needle,23,stratified,0.1,3.379167318344116,3.044512242078781,0.0
needle,23,random,0.1,3.380026340484619,3.045371264219284,0.0
