model,k,n_latents,n_pos,erho2_proj,erho2_emp
QThreeFiveNineB,1,115,6,0.40361821411208365,
QThreeFiveNineB,2,115,6,0.5751111093516393,0.5718392582187184
QThreeFiveNineB,3,115,6,0.6700034502547434,0.6710229225804971
QThreeFiveNineB,4,115,6,0.7302483055793716,0.7312365543745406
QThreeFiveNineB,5,115,6,0.771892148577102,0.7722871288378744
QThreeFiveNineB,6,115,6,0.8023976838521389,0.8023976838521388
QThreeFiveNineB,7,115,6,0.8257064711606563,
QThreeFiveNineB,8,115,6,0.8440965417791277,
QThreeFiveNineB,9,115,6,0.858976249312168,
QThreeFiveNineB,10,115,6,0.8712631287372218,
QThreeFiveNineB,11,115,6,0.8815805764810588,
QThreeFiveNineB,12,115,6,0.8903669717742094,
QThreeFiveNineB,13,115,6,0.8979395744442169,
QThreeFiveNineB,14,115,6,0.9045336522641889,
QThreeFiveNineB,15,115,6,0.9103273608229722,
QThreeFiveNineB,16,115,6,0.9154580822159879,
QThreeFiveNineB,17,115,6,0.9200334582741024,
QThreeFiveNineB,18,115,6,0.9241390250467096,
QThreeFiveNineB,19,115,6,0.9278436103564898,
QThreeFiveNineB,20,115,6,0.9312032234880547,
QThreeFiveNineB,21,115,6,0.9342639065921019,
QThreeFiveNineB,22,115,6,0.9370638573765415,
QThreeFiveNineB,23,115,6,0.9396350314789396,
QThreeFiveNineB,24,115,6,0.9420043674785039,
QThreeFiveNineB,25,115,6,0.9441947343120997,
QThreeFiveNineB,26,115,6,0.9462256718127237,
QThreeFiveNineB,27,115,6,0.9481139752224478,
QThreeFiveNineB,28,115,6,0.9498741607309923,
QThreeFiveNineB,29,115,6,0.9515188393655949,
QThreeFiveNineB,30,115,6,0.9530590196130592,
QThreeFiveNineB,31,115,6,0.9545043541345649,
QThreeFiveNineB,32,115,6,0.9558633422631698,
QThreeFiveNineB,33,115,6,0.9571434972614626,
QThreeFiveNineB,34,115,6,0.9583514852924602,
QThreeFiveNineB,35,115,6,0.9594932415319382,
QThreeFiveNineB,36,115,6,0.960574067691679,
QThreeFiveNineB,37,115,6,0.96159871433544,
QThreeFiveNineB,38,115,6,0.9625714506841314,
QThreeFiveNineB,39,115,6,0.9634961240737606,
QThreeFiveNineB,40,115,6,0.9643762108124034,
QThreeFiveNineB,41,115,6,0.9652148598535781,
QThreeFiveNineB,42,115,6,0.9660149304426014,
QThreeFiveNineB,43,115,6,0.9667790246844743,
QThreeFiveNineB,44,115,6,0.9675095158149841,
QThreeFiveNineB,45,115,6,0.9682085728221634,
QThreeFiveNineB,46,115,6,0.9688781819562038,
QThreeFiveNineB,47,115,6,0.9695201655771163,
QThreeFiveNineB,48,115,6,0.970136198716794,
QThreeFiveNineB,49,115,6,0.9707278236724314,
QThreeFiveNineB,50,115,6,0.9712964628989978,
QThreeFiveNineB,51,115,6,0.9718434304276576,
QThreeFiveNineB,52,115,6,0.9723699420030819,
QThreeFiveNineB,53,115,6,0.9728771241042682,
QThreeFiveNineB,54,115,6,0.9733660219897414,
QThreeFiveNineB,55,115,6,0.9738376068880581,
QThreeFiveNineB,56,115,6,0.9742927824377057,
QThreeFiveNineB,57,115,6,0.9747323904662448,
QThreeFiveNineB,58,115,6,0.9751572161864624,
QThreeFiveNineB,59,115,6,0.9755679928770125,
QThreeFiveNineB,60,115,6,0.975965406106242,
QThreeFiveNineB,61,115,6,0.9763500975503855,
QThreeFiveNineB,62,115,6,0.9767226684508563,
QThreeFiveNineB,63,115,6,0.9770836827498187,
QThreeFiveNineB,64,115,6,0.9774336699384331,
QThreeFiveFourB,1,120,6,0.35382087942660434,
QThreeFiveFourB,2,120,6,0.5226996935908703,0.5229364350674333
QThreeFiveFourB,3,120,6,0.6215956202620938,0.6210054362753918
QThreeFiveFourB,4,120,6,0.6865433752839685,0.6866930295561176
QThreeFiveFourB,5,120,6,0.732462414521416,0.7323545995493193
QThreeFiveFourB,6,120,6,0.7666468908711371,0.7666468908711371
QThreeFiveFourB,7,120,6,0.793085308373033,
QThreeFiveFourB,8,120,6,0.8141425656110066,
QThreeFiveFourB,9,120,6,0.8313097996720595,
QThreeFiveFourB,10,120,6,0.8455738010613697,
QThreeFiveFourB,11,120,6,0.8576136202922542,
QThreeFiveFourB,12,120,6,0.8679118558809474,
QThreeFiveFourB,13,120,6,0.8768209055842873,
QThreeFiveFourB,14,120,6,0.8846041007303148,
QThreeFiveFourB,15,120,6,0.8914621726689844,
QThreeFiveFourB,16,120,6,0.897550811103759,
QThreeFiveFourB,17,120,6,0.9029926265253359,
QThreeFiveFourB,18,120,6,0.9078854924720282,
QThreeFiveFourB,19,120,6,0.9123084844064859,
QThreeFiveFourB,20,120,6,0.9163261860079388,
QThreeFiveFourB,21,120,6,0.9199918635347778,
QThreeFiveFourB,22,120,6,0.9233498408106288,
QThreeFiveFourB,23,120,6,0.9264373002254657,
QThreeFiveFourB,24,120,6,0.9292856653255961,
QThreeFiveFourB,25,120,6,0.9319216741719049,
QThreeFiveFourB,26,120,6,0.9343682212569104,
QThreeFiveFourB,27,120,6,0.9366450241823902,
QThreeFiveFourB,28,120,6,0.9387691562249242,
QThreeFiveFourB,29,120,6,0.9407554752433784,
QThreeFiveFourB,30,120,6,0.9426169717272954,
QThreeFiveFourB,31,120,6,0.9443650532288821,
QThreeFiveFourB,32,120,6,0.9460097783433535,
QThreeFiveFourB,33,120,6,0.9475600503782902,
QThreeFiveFourB,34,120,6,0.94902377858826,
QThreeFiveFourB,35,120,6,0.9504080131399547,
QThreeFiveFourB,36,120,6,0.9517190586691763,
QThreeFiveFourB,37,120,6,0.9529625702893548,
QThreeFiveFourB,38,120,6,0.9541436351359751,
QThreeFiveFourB,39,120,6,0.9552668419268957,
QThreeFiveFourB,40,120,6,0.9563363405442112,
QThreeFiveFourB,41,120,6,0.9573558932686423,
QThreeFiveFourB,42,120,6,0.9583289189997274,
QThreeFiveFourB,43,120,6,0.9592585315571394,
QThreeFiveFourB,44,120,6,0.9601475729672424,
QThreeFiveFourB,45,120,6,0.9609986424845356,
QThreeFiveFourB,46,120,6,0.9618141219722415,
QThreeFiveFourB,47,120,6,0.962596198164009,
QThreeFiveFourB,48,120,6,0.9633468822449007,
QThreeFiveFourB,49,120,6,0.9640680271208597,
QThreeFiveFourB,50,120,6,0.9647613426888666,
QThreeFiveFourB,51,120,6,0.9654284093727158,
QThreeFiveFourB,52,120,6,0.9660706901499636,
QThreeFiveFourB,53,120,6,0.966689541262686,
QThreeFiveFourB,54,120,6,0.9672862217770876,
QThreeFiveFourB,55,120,6,0.9678619021337569,
QThreeFiveFourB,56,120,6,0.9684176718107578,
QThreeFiveFourB,57,120,6,0.9689545462051211,
QThreeFiveFourB,58,120,6,0.9694734728241888,
QThreeFiveFourB,59,120,6,0.9699753368662346,
QThreeFiveFourB,60,120,6,0.9704609662595081,
QThreeFiveFourB,61,120,6,0.9709311362200409,
QThreeFiveFourB,62,120,6,0.9713865733809974,
QThreeFiveFourB,63,120,6,0.971827959539832,
QThreeFiveFourB,64,120,6,0.9722559350638986,
QThreeFive,1,106,6,0.41292189268629104,
QThreeFive,2,106,6,0.5844935871171634,0.5782622608209823
QThreeFive,3,106,6,0.6784620283416471,0.6692671153805452
QThreeFive,4,106,6,0.7377670592919147,0.7349986399476163
QThreeFive,5,106,6,0.7786020820134812,0.7770761179485239
QThreeFive,6,106,6,0.8084329783879362,0.808432978387936
QThreeFive,7,106,6,0.8311796365887805,
QThreeFive,8,106,6,0.8490977606544474,
QThreeFive,9,106,6,0.863577288056185,
QThreeFive,10,106,6,0.8755213882714659,
QThreeFive,11,106,6,0.885542396282006,
QThreeFive,12,106,6,0.8940701569251244,
QThreeFive,13,106,6,0.9014152938964898,
QThreeFive,14,106,6,0.9078078632822135,
QThreeFive,15,106,6,0.9134218842980953,
QThreeFive,16,106,6,0.9183914217211836,
QThreeFive,17,106,6,0.9228214302463382,
QThreeFive,18,106,6,0.9267952486767472,
QThreeFive,19,106,6,0.9303798922899704,
QThreeFive,20,106,6,0.9336298628706884,
QThreeFive,21,106,6,0.9365899391896383,
QThreeFive,22,106,6,0.9392972526400434,
QThreeFive,23,106,6,0.9417828529265276,
QThreeFive,24,106,6,0.944072904222912,
QThreeFive,25,106,6,0.9461896096999108,
QThreeFive,26,106,6,0.9481519337622004,
QThreeFive,27,106,6,0.9499761718170412,
QThreeFive,28,106,6,0.9516764038496108,
QThreeFive,29,106,6,0.953264858540938,
QThreeFive,30,106,6,0.954752207857357,
QThreeFive,31,106,6,0.9561478071229809,
QThreeFive,32,106,6,0.9574598919934718,
QThreeFive,33,106,6,0.9586957410956418,
QThreeFive,34,106,6,0.9598618111179601,
QThreeFive,35,106,6,0.9609638496467009,
QThreeFive,36,106,6,0.9620069899105641,
QThreeFive,37,106,6,0.9629958307298345,
QThreeFive,38,106,6,0.9639345042972652,
QThreeFive,39,106,6,0.9648267338979134,
QThreeFive,40,106,6,0.9656758832681774,
QThreeFive,41,106,6,0.9664849989736488,
QThreeFive,42,106,6,0.9672568469312118,
QThreeFive,43,106,6,0.9679939439981418,
QThreeFive,44,106,6,0.9686985853884341,
QThreeFive,45,106,6,0.9693728685455796,
QThreeFive,46,106,6,0.9700187139948572,
QThreeFive,47,106,6,0.9706378836117933,
QThreeFive,48,106,6,0.9712319966727568,
QThreeFive,49,106,6,0.9718025439955954,
QThreeFive,50,106,6,0.97235090043031,
QThreeFive,51,106,6,0.9728783359200952,
QThreeFive,52,106,6,0.9733860253200722,
QThreeFive,53,106,6,0.9738750571335054,
QThreeFive,54,106,6,0.9743464413022314,
QThreeFive,55,106,6,0.9748011161686365,
QThreeFive,56,106,6,0.9752399547101802,
QThreeFive,57,106,6,0.9756637701336213,
QThreeFive,58,106,6,0.9760733209043793,
QThreeFive,59,106,6,0.97646931527647,
QThreeFive,60,106,6,0.9768524153799318,
QThreeFive,61,106,6,0.9772232409153709,
QThreeFive,62,106,6,0.9775823724989805,
QThreeFive,63,106,6,0.9779303546960204,
QThreeFive,64,106,6,0.9782676987760882,
SmolThree,1,88,6,0.39445034758120295,
SmolThree,2,88,6,0.5657431234685579,0.5614379454249845
SmolThree,3,88,6,0.6614962171704998,0.661002999330901
SmolThree,4,88,6,0.7226512637849292,0.7223975014570402
SmolThree,5,88,6,0.765090648685508,0.7649432389695358
SmolThree,6,88,6,0.7962656915307538,0.7962656915307538
SmolThree,7,88,6,0.8201356588606017,
SmolThree,8,88,6,0.838998907065094,
SmolThree,9,88,6,0.8542811514039523,
SmolThree,10,88,6,0.8669137182900873,
SmolThree,11,88,6,0.8775307459321083,
SmolThree,12,88,6,0.8865789680057706,
SmolThree,13,88,6,0.8943821795288017,
SmolThree,14,88,6,0.9011808047033193,
SmolThree,15,88,6,0.9071571070584648,
SmolThree,16,88,6,0.9124517734532795,
SmolThree,17,88,6,0.917175129690761,
SmolThree,18,88,6,0.9214149113872415,
SmolThree,19,88,6,0.9252417643366425,
SmolThree,20,88,6,0.9287132123964429,
SmolThree,21,88,6,0.9318765689222281,
SmolThree,22,88,6,0.9347711059681788,
SmolThree,23,88,6,0.9374296930163548,
SmolThree,24,88,6,0.9398800506537385,
SmolThree,25,88,6,0.9421457207741278,
SmolThree,26,88,6,0.9442468253700165,
SmolThree,27,88,6,0.9462006657757202,
SmolThree,28,88,6,0.9480222001756947,
SmolThree,29,88,6,0.9497244272849938,
SmolThree,30,88,6,0.9513186970292485,
SmolThree,31,88,6,0.9528149639303504,
SmolThree,32,88,6,0.9542219951572236,
SmolThree,33,88,6,0.9555475424307054,
SmolThree,34,88,6,0.9567984849028379,
SmolThree,35,88,6,0.957980948571767,
SmolThree,36,88,6,0.959100406608159,
SmolThree,37,88,6,0.960161764060604,
SmolThree,38,88,6,0.961169429705824,
SmolThree,39,88,6,0.962127377263639,
SmolThree,40,88,6,0.963039197769075,
SmolThree,41,88,6,0.9639081445568736,
SmolThree,42,88,6,0.964737172046257,
SmolThree,43,88,6,0.9655289693004149,
SmolThree,44,88,6,0.9662859891639842,
SmolThree,45,88,6,0.9670104736436947,
SmolThree,46,88,6,0.9677044760854107,
SmolThree,47,88,6,0.9683698806096105,
SmolThree,48,88,6,0.9690084191927221,
SmolThree,49,88,6,0.9696216867204055,
SmolThree,50,88,6,0.9702111542882521,
SmolThree,51,88,6,0.9707781809834215,
SmolThree,52,88,6,0.9713240243458424,
SmolThree,53,88,6,0.9718498496784629,
SmolThree,54,88,6,0.9723567383516251,
SmolThree,55,88,6,0.9728456952261092,
SmolThree,56,88,6,0.9733176553020714,
SmolThree,57,88,6,0.9737734896864488,
SmolThree,58,88,6,0.9742140109589665,
SmolThree,59,88,6,0.9746399780062855,
SmolThree,60,88,6,0.9750521003847985,
SmolThree,61,88,6,0.9754510422648306,
SmolThree,62,88,6,0.9758374260023682,
SmolThree,63,88,6,0.9762118353787127,
SmolThree,64,88,6,0.9765748185435333,
OlmoTwo,1,93,6,0.4102464572631607,
OlmoTwo,2,93,6,0.5818081728201161,0.579092693644629
OlmoTwo,3,93,6,0.6760473287036721,0.6735106835609037
OlmoTwo,4,93,6,0.7356241835352807,0.7350520296438876
OlmoTwo,5,93,6,0.7766918942732867,0.7759874412246416
OlmoTwo,6,93,6,0.8067162748041924,0.8067162748041925
OlmoTwo,7,93,6,0.8296238150152356,
OlmoTwo,8,93,6,0.8476768075873349,
OlmoTwo,9,93,6,0.8622705636968655,
OlmoTwo,10,93,6,0.8743124193640495,
OlmoTwo,11,93,6,0.8844179054372792,
OlmoTwo,12,93,6,0.8930193257838699,
OlmoTwo,13,93,6,0.9004292122616895,
OlmoTwo,14,93,6,0.9068791171242239,
OlmoTwo,15,93,6,0.9125442455112383,
OlmoTwo,16,93,6,0.91755961227247,
OlmoTwo,17,93,6,0.922030940994373,
OlmoTwo,18,93,6,0.9260421987073015,
OlmoTwo,19,93,6,0.9296609185749621,
OlmoTwo,20,93,6,0.932942032855656,
OlmoTwo,21,93,6,0.9359306808960803,
OlmoTwo,22,93,6,0.9386642982805344,
OlmoTwo,23,93,6,0.9411741930444752,
OlmoTwo,24,93,6,0.9434867501039212,
OlmoTwo,25,93,6,0.9456243623397905,
OlmoTwo,26,93,6,0.9476061580742531,
OlmoTwo,27,93,6,0.9494485750578905,
OlmoTwo,28,93,6,0.951165817466074,
OlmoTwo,29,93,6,0.952770222809991,
OlmoTwo,30,93,6,0.9542725588210462,
OlmoTwo,31,93,6,0.9556822654203294,
OlmoTwo,32,93,6,0.9570076532693389,
OlmoTwo,33,93,6,0.9582560677275358,
OlmoTwo,34,93,6,0.9594340250499355,
OlmoTwo,35,93,6,0.9605473261576858,
OlmoTwo,36,93,6,0.9616011521749955,
OlmoTwo,37,93,6,0.9626001450530014,
OlmoTwo,38,93,6,0.963548475927583,
OlmoTwo,39,93,6,0.9644499033344556,
OlmoTwo,40,93,6,0.9653078229949426,
OlmoTwo,41,93,6,0.9661253105628234,
OlmoTwo,42,93,6,0.9669051584665914,
OlmoTwo,43,93,6,0.9676499077772356,
OlmoTwo,44,93,6,0.9683618758679023,
OlmoTwo,45,93,6,0.9690431804997693,
OlmoTwo,46,93,6,0.9696957608614895,
OlmoTwo,47,93,6,0.9703213960024614,
OlmoTwo,48,93,6,0.9709217210289409,
OlmoTwo,49,93,6,0.9714982413734828,
OlmoTwo,50,93,6,0.9720523453999014,
OlmoTwo,51,93,6,0.9725853155659517,
OlmoTwo,52,93,6,0.9730983383326572,
OlmoTwo,53,93,6,0.9735925129814512,
OlmoTwo,54,93,6,0.9740688594770404,
OlmoTwo,55,93,6,0.9745283254943495,
OlmoTwo,56,93,6,0.9749717927114233,
OlmoTwo,57,93,6,0.975400082456213,
OlmoTwo,58,93,6,0.9758139607833396,
OlmoTwo,59,93,6,0.9762141430468582,
OlmoTwo,60,93,6,0.9766012980264434,
OlmoTwo,61,93,6,0.9769760516570667,
OlmoTwo,62,93,6,0.9773389904059155,
OlmoTwo,63,93,6,0.9776906643348766,
OlmoTwo,64,93,6,0.978031589882217,
GThree,1,53,6,0.39807084304553597,
GThree,2,53,6,0.5595415726818066,0.5516110348138699
GThree,3,53,6,0.64702673697599,0.6454943025969829
GThree,4,53,6,0.7018981514473451,0.6989853357800341
GThree,5,53,6,0.7395277562607494,0.7395646168285143
GThree,6,53,6,0.7669387631264606,0.7669387631264604
GThree,7,53,6,0.7877959739496604,
GThree,8,53,6,0.8041988596485353,
GThree,9,53,6,0.8174366697934746,
GThree,10,53,6,0.8283448895713225,
GThree,11,53,6,0.8374887283127521,
GThree,12,53,6,0.8452642333600746,
GThree,13,53,6,0.8519571702862089,
GThree,14,53,6,0.8577789104007683,
GThree,15,53,6,0.8628891605402541,
GThree,16,53,6,0.8674108391681503,
GThree,17,53,6,0.8714400923081765,
GThree,18,53,6,0.8750532061554853,
GThree,19,53,6,0.8783114830652451,
GThree,20,53,6,0.8812647481972552,
GThree,21,53,6,0.8839539154076853,
GThree,22,53,6,0.8864128942322026,
GThree,23,53,6,0.8886700272637686,
GThree,24,53,6,0.8907491875228578,
GThree,25,53,6,0.8926706260935602,
GThree,26,53,6,0.8944516339080285,
GThree,27,53,6,0.8961070635444237,
GThree,28,53,6,0.8976497444082882,
GThree,29,53,6,0.8990908158755714,
GThree,30,53,6,0.9004399967065674,
GThree,31,53,6,0.901705804514312,
GThree,32,53,6,0.902895735766074,
GThree,33,53,6,0.9040164143571929,
GThree,34,53,6,0.9050737149779364,
GThree,35,53,6,0.9060728661255452,
GThree,36,53,6,0.9070185365747709,
GThree,37,53,6,0.9079149083250382,
GThree,38,53,6,0.9087657384290045,
GThree,39,53,6,0.9095744116306821,
GThree,40,53,6,0.9103439853683771,
GThree,41,53,6,0.9110772284040164,
GThree,42,53,6,0.9117766541076942,
GThree,43,53,6,0.912444549240752,
GThree,44,53,6,0.9130829989319854,
GThree,45,53,6,0.9136939084217257,
GThree,46,53,6,0.9142790220514688,
GThree,47,53,6,0.914839939897709,
GThree,48,53,6,0.9153781323840358,
GThree,49,53,6,0.9158949531524818,
GThree,50,53,6,0.9163916504313543,
GThree,51,53,6,0.9168693771005337,
GThree,52,53,6,0.9173291996250974,
GThree,53,53,6,0.9177721060029801,
GThree,54,53,6,0.9181990128513339,
GThree,55,53,6,0.9186107717385477,
GThree,56,53,6,0.9190081748539826,
GThree,57,53,6,0.9193919600948461,
GThree,58,53,6,0.9197628156389394,
GThree,59,53,6,0.9201213840628946,
GThree,60,53,6,0.920468266057746,
GThree,61,53,6,0.9208040237870365,
GThree,62,53,6,0.9211291839269452,
GThree,63,53,6,0.9214442404230184,
GThree,64,53,6,0.9217496569938544,
GTwo,1,93,6,0.5246475335151131,
GTwo,2,93,6,0.6882214045964118,0.6842155397458737
GTwo,3,93,6,0.7680409843694432,0.7674925906830212
GTwo,4,93,6,0.815321263813663,0.8154054564008217
GTwo,5,93,6,0.8465907248397593,0.8466351822831472
GTwo,6,93,6,0.8688045030170594,0.8688045030170594
GTwo,7,93,6,0.8853988373738275,
GTwo,8,93,6,0.8982666374995464,
GTwo,9,93,6,0.9085364674762848,
GTwo,10,93,6,0.9169229688546426,
GTwo,11,93,6,0.923900689432021,
GTwo,12,93,6,0.9297970992839891,
GTwo,13,93,6,0.9348454734344763,
GTwo,14,93,6,0.9392164881220567,
GTwo,15,93,6,0.9430378984756128,
GTwo,16,93,6,0.9464072325295355,
GTwo,17,93,6,0.949400231697404,
GTwo,18,93,6,0.9520766125864704,
GTwo,19,93,6,0.9544840921089013,
GTwo,20,93,6,0.9566612573926246,
GTwo,21,93,6,0.9586396496320831,
GTwo,22,93,6,0.9604453020958971,
GTwo,23,93,6,0.962099892121394,
GTwo,24,93,6,0.9636216155874324,
GTwo,25,93,6,0.9650258588538906,
GTwo,26,93,6,0.9663257208598316,
GTwo,27,93,6,0.9675324229668,
GTwo,28,93,6,0.9686556337313292,
GTwo,29,93,6,0.9697037285188738,
GTwo,30,93,6,0.9706839987171244,
GTwo,31,93,6,0.9716028216063068,
GTwo,32,93,6,0.9724657992557828,
GTwo,33,93,6,0.9732778728415623,
GTwo,34,93,6,0.9740434173137771,
GTwo,35,93,6,0.9747663202449537,
GTwo,36,93,6,0.9754500478595295,
GTwo,37,93,6,0.9760977006118118,
GTwo,38,93,6,0.9767120601928324,
GTwo,39,93,6,0.9772956294695733,
GTwo,40,93,6,0.9778506665660018,
GTwo,41,93,6,0.9783792140644703,
GTwo,42,93,6,0.9788831241235793,
GTwo,43,93,6,0.9793640801635476,
GTwo,44,93,6,0.9798236156541499,
GTwo,45,93,6,0.980263130447038,
GTwo,46,93,6,0.9806839050189087,
GTwo,47,93,6,0.981087112930783,
GTwo,48,93,6,0.9814738317587297,
GTwo,49,93,6,0.9818450527104312,
GTwo,50,93,6,0.982201689108301,
GTwo,51,93,6,0.9825445838920082,
GTwo,52,93,6,0.9828745162701512,
GTwo,53,93,6,0.9831922076315683,
GTwo,54,93,6,0.9834983268106745,
GTwo,55,93,6,0.9837934947877066,
GTwo,56,93,6,0.9840782888933898,
GTwo,57,93,6,0.9843532465779313,
GTwo,58,93,6,0.9846188687961169,
GTwo,59,93,6,0.9848756230533661,
GTwo,60,93,6,0.985123946151712,
GTwo,61,93,6,0.9853642466696403,
GTwo,62,93,6,0.9855969072053988,
GTwo,63,93,6,0.9858222864096868,
GTwo,64,93,6,0.9860407208304418,
