model,corpus,latents,arms,n_positions,k,erho2_dstudy,erho2_sub,pos_share
QThreeFiveNineB,384,115,6,6,1,0.40361821411208365,,59.63817858879163
QThreeFiveNineB,384,115,6,6,2,0.5751111093516393,0.5689467246160552,42.48888906483606
QThreeFiveNineB,384,115,6,6,3,0.6700034502547434,0.6714624431556758,32.99965497452566
QThreeFiveNineB,384,115,6,6,4,0.7302483055793716,0.729838259972998,26.975169442062853
QThreeFiveNineB,384,115,6,6,5,0.771892148577102,0.7720108590283837,22.810785142289795
QThreeFiveNineB,384,115,6,6,6,0.8023976838521389,0.8023976838521389,19.76023161478611
QThreeFiveNineB,384,115,6,6,7,0.8257064711606563,,17.429352883934353
QThreeFiveNineB,384,115,6,6,8,0.8440965417791277,,15.590345822087224
QThreeFiveNineB,384,115,6,6,9,0.858976249312168,,14.102375068783212
QThreeFiveNineB,384,115,6,6,10,0.8712631287372218,,12.873687126277826
QThreeFiveNineB,384,115,6,6,11,0.8815805764810588,,11.841942351894119
QThreeFiveNineB,384,115,6,6,12,0.8903669717742094,,10.963302822579056
QThreeFiveFourB,384,120,6,6,1,0.35382087942660434,,64.61791205733957
QThreeFiveFourB,384,120,6,6,2,0.5226996935908703,0.5199272902979158,47.73003064091297
QThreeFiveFourB,384,120,6,6,3,0.6215956202620938,0.6196648277475535,37.84043797379062
QThreeFiveFourB,384,120,6,6,4,0.6865433752839685,0.6869852502277598,31.34566247160316
QThreeFiveFourB,384,120,6,6,5,0.732462414521416,0.7324918320009394,26.7537585478584
QThreeFiveFourB,384,120,6,6,6,0.7666468908711371,0.7666468908711371,23.33531091288627
QThreeFiveFourB,384,120,6,6,7,0.793085308373033,,20.691469162696706
QThreeFiveFourB,384,120,6,6,8,0.8141425656110066,,18.585743438899335
QThreeFiveFourB,384,120,6,6,9,0.8313097996720595,,16.869020032794037
QThreeFiveFourB,384,120,6,6,10,0.8455738010613697,,15.44261989386303
QThreeFiveFourB,384,120,6,6,11,0.8576136202922542,,14.238637970774569
QThreeFiveFourB,384,120,6,6,12,0.8679118558809474,,13.208814411905246
QThreeFive,384,106,6,6,1,0.41292189268629104,,58.7078107313709
QThreeFive,384,106,6,6,2,0.5844935871171634,0.5714412958566631,41.55064128828366
QThreeFive,384,106,6,6,3,0.6784620283416471,0.6730806227119384,32.153797165835286
QThreeFive,384,106,6,6,4,0.7377670592919147,0.7375090245998578,26.223294070808535
QThreeFive,384,106,6,6,5,0.7786020820134812,0.7773629353111486,22.139791798651874
QThreeFive,384,106,6,6,6,0.8084329783879362,0.808432978387936,19.156702161206386
QThreeFive,384,106,6,6,7,0.8311796365887805,,16.882036341121953
QThreeFive,384,106,6,6,8,0.8490977606544474,,15.090223934555244
QThreeFive,384,106,6,6,9,0.863577288056185,,13.642271194381493
QThreeFive,384,106,6,6,10,0.8755213882714659,,12.447861172853424
QThreeFive,384,106,6,6,11,0.885542396282006,,11.44576037179939
QThreeFive,384,106,6,6,12,0.8940701569251244,,10.592984307487553
SmolThree,384,88,6,6,1,0.39445034758120295,,60.55496524187969
SmolThree,384,88,6,6,2,0.5657431234685579,0.5632770146038295,43.42568765314421
SmolThree,384,88,6,6,3,0.6614962171704998,0.6583570733511881,33.85037828295002
SmolThree,384,88,6,6,4,0.7226512637849292,0.7212141210527641,27.73487362150708
SmolThree,384,88,6,6,5,0.765090648685508,0.7646996480940147,23.49093513144919
SmolThree,384,88,6,6,6,0.7962656915307538,0.796265691530754,20.373430846924613
SmolThree,384,88,6,6,7,0.8201356588606017,,17.98643411393984
SmolThree,384,88,6,6,8,0.838998907065094,,16.100109293490608
SmolThree,384,88,6,6,9,0.8542811514039523,,14.571884859604761
SmolThree,384,88,6,6,10,0.8669137182900873,,13.30862817099126
SmolThree,384,88,6,6,11,0.8775307459321083,,12.246925406789169
SmolThree,384,88,6,6,12,0.8865789680057706,,11.342103199422935
OlmoTwo,384,93,6,6,1,0.4102464572631607,,58.97535427368392
OlmoTwo,384,93,6,6,2,0.5818081728201161,0.5799440668832618,41.81918271798839
OlmoTwo,384,93,6,6,3,0.6760473287036721,0.677581182589271,32.395267129632785
OlmoTwo,384,93,6,6,4,0.7356241835352807,0.7343196416599277,26.437581646471923
OlmoTwo,384,93,6,6,5,0.7766918942732867,0.7764302150910519,22.330810572671336
OlmoTwo,384,93,6,6,6,0.8067162748041924,0.8067162748041926,19.328372519580753
OlmoTwo,384,93,6,6,7,0.8296238150152356,,17.037618498476434
OlmoTwo,384,93,6,6,8,0.8476768075873349,,15.232319241266504
OlmoTwo,384,93,6,6,9,0.8622705636968655,,13.772943630313453
OlmoTwo,384,93,6,6,10,0.8743124193640495,,12.56875806359505
OlmoTwo,384,93,6,6,11,0.8844179054372792,,11.558209456272081
OlmoTwo,384,93,6,6,12,0.8930193257838699,,10.698067421613013
GThree,384,53,6,6,1,0.39807084304553597,,57.71536469126444
GThree,384,53,6,6,2,0.5595415726818066,0.5559062629126988,40.56331491171276
GThree,384,53,6,6,3,0.64702673697599,0.6447301189387902,31.270300033250052
GThree,384,53,6,6,4,0.7018981514473451,0.7010924980747768,25.44164468124198
GThree,384,53,6,6,5,0.7395277562607494,0.7378574080978781,21.44448150251446
GThree,384,53,6,6,6,0.7669387631264606,0.7669387631264604,18.532777596008415
GThree,384,53,6,6,7,0.7877959739496604,,16.317243430107368
GThree,384,53,6,6,8,0.8041988596485353,,14.57486502710422
GThree,384,53,6,6,9,0.8174366697934746,,13.168693276411563
GThree,384,53,6,6,10,0.8283448895713225,,12.009979687531443
GThree,384,53,6,6,11,0.8374887283127521,,11.038685524047548
GThree,384,53,6,6,12,0.8452642333600746,,10.212741094780082
GTwo,384,93,6,6,1,0.5246475335151131,,47.5352466484887
GTwo,384,93,6,6,2,0.6882214045964118,0.6864579988808985,31.17785954035881
GTwo,384,93,6,6,3,0.7680409843694432,0.7693851476103057,23.19590156305567
GTwo,384,93,6,6,4,0.815321263813663,0.8155046377492635,18.467873618633707
GTwo,384,93,6,6,5,0.8465907248397593,0.8468432456866948,15.340927516024069
GTwo,384,93,6,6,6,0.8688045030170594,0.8688045030170594,13.119549698294065
GTwo,384,93,6,6,7,0.8853988373738275,,11.46011626261725
GTwo,384,93,6,6,8,0.8982666374995464,,10.173336250045367
GTwo,384,93,6,6,9,0.9085364674762848,,9.146353252371513
GTwo,384,93,6,6,10,0.9169229688546426,,8.307703114535734
GTwo,384,93,6,6,11,0.923900689432021,,7.609931056797906
GTwo,384,93,6,6,12,0.9297970992839891,,7.020290071601086
