suite,pair,left,right,width_left,width_right,matching,cos_lo,cos_hi,n_matched,n_live,median_cos,jaccard,top_agree
9b,"same width, L0 68 vs 20",width_16k/average_l0_68,width_16k/average_l0_20,16384,16384,0.50-0.60,0.5,0.6,512,445,0.560492992401123,0.07182750458031356,6.067415730337078
9b,"same width, L0 68 vs 20",width_16k/average_l0_68,width_16k/average_l0_20,16384,16384,0.60-0.70,0.6,0.7,512,439,0.6555371284484863,0.13423151133857283,12.52847380410023
9b,"same width, L0 68 vs 20",width_16k/average_l0_68,width_16k/average_l0_20,16384,16384,0.70-0.80,0.7,0.8,512,416,0.7585499882698059,0.2046777007714508,22.83653846153846
9b,"same width, L0 68 vs 20",width_16k/average_l0_68,width_16k/average_l0_20,16384,16384,0.80-0.90,0.8,0.9,512,414,0.8644382357597351,0.3422030867683042,36.473429951690825
9b,"same width, L0 68 vs 20",width_16k/average_l0_68,width_16k/average_l0_20,16384,16384,0.90-1.00,0.9,1.01,512,425,0.9326344132423401,0.5168486546133605,58.11764705882353
9b,"same width, L0 68 vs 20",width_16k/average_l0_68,width_16k/average_l0_20,16384,16384,>= 0.50,0.5,1.01,512,409,0.8833605051040649,0.36425413760377084,36.18581907090464
9b,"same width, L0 68 vs 20",width_16k/average_l0_68,width_16k/average_l0_20,16384,16384,>= 0.70,0.7,1.01,512,417,0.8920413255691528,0.3930561178762618,43.4052757793765
9b,"16k vs 65k, L0 58 vs 55",width_16k/average_l0_58,width_65k/average_l0_55,16384,65536,0.50-0.60,0.5,0.6,512,418,0.5686683654785156,0.07218657870571746,6.698564593301436
9b,"16k vs 65k, L0 58 vs 55",width_16k/average_l0_58,width_65k/average_l0_55,16384,65536,0.60-0.70,0.6,0.7,512,393,0.6561296582221985,0.11345213310862165,12.977099236641221
9b,"16k vs 65k, L0 58 vs 55",width_16k/average_l0_58,width_65k/average_l0_55,16384,65536,0.70-0.80,0.7,0.8,512,387,0.7508235573768616,0.18866255765480572,18.863049095607234
9b,"16k vs 65k, L0 58 vs 55",width_16k/average_l0_58,width_65k/average_l0_55,16384,65536,0.80-0.90,0.8,0.9,512,429,0.8501213788986206,0.28092984456620823,33.1002331002331
9b,"16k vs 65k, L0 58 vs 55",width_16k/average_l0_58,width_65k/average_l0_55,16384,65536,0.90-1.00,0.9,1.01,512,465,0.9379764795303345,0.458198730779376,49.46236559139785
9b,"16k vs 65k, L0 58 vs 55",width_16k/average_l0_58,width_65k/average_l0_55,16384,65536,>= 0.50,0.5,1.01,512,436,0.8108181357383728,0.28435452162516384,27.981651376146786
9b,"16k vs 65k, L0 58 vs 55",width_16k/average_l0_58,width_65k/average_l0_55,16384,65536,>= 0.70,0.7,1.01,512,429,0.8513176441192627,0.31411492547856185,31.7016317016317
