a,b,width_a,width_b,n_matched,n_live,median_cos,jaccard,top_agree
16k,16k*,16384,16384,384,314,0.8596230745315552,0.3593463065596824,36.94267515923567
16k,32k,16384,32768,384,277,0.9089323282241821,0.4009462859643365,38.628158844765345
16k,32k*,16384,32768,384,303,0.8586655855178833,0.3588088570761838,40.26402640264026
16k,65k,16384,65536,384,268,0.8599509000778198,0.33367052723396007,33.2089552238806
16k,65k*,16384,65536,384,287,0.8081400394439697,0.3058475496628807,29.965156794425084
16k*,32k,16384,32768,384,284,0.8341957330703735,0.3279385911428165,34.154929577464785
16k*,32k*,16384,32768,384,336,0.8719708919525146,0.38794825379646813,37.5
16k*,65k,16384,65536,384,289,0.7815912365913391,0.3006781857127878,31.4878892733564
16k*,65k*,16384,65536,384,321,0.8100663423538208,0.31140162191564064,36.13707165109034
32k,32k*,32768,32768,384,265,0.8844472169876099,0.4080297585014567,45.28301886792453
32k,65k,32768,65536,384,238,0.9026505947113037,0.38360844337735095,39.91596638655462
32k,65k*,32768,65536,384,261,0.8554129600524902,0.35289927186478914,39.08045977011494
32k*,65k,32768,65536,384,257,0.827568531036377,0.32962714976333657,33.46303501945525
32k*,65k*,32768,65536,384,302,0.8865330219268799,0.3996338742199669,47.682119205298015
65k,65k*,65536,65536,384,257,0.8744601607322693,0.4319641663999641,48.249027237354085
