a,b,width_a,width_b,n_matched,n_live,median_cos,jaccard,top_agree,pair_order_seed,pairs_total
16k,16k*,16384,16384,384,324,0.8810494542121887,0.3684652967060374,41.358024691358025,,
32k,32k*,32768,32768,384,245,0.8322706818580627,0.31170347792796776,28.97959183673469,20260811.0,15.0
16k,65k*,16384,65536,384,296,0.7995843887329102,0.2671458796458796,25.33783783783784,20260811.0,15.0
16k*,32k,16384,32768,384,277,0.770023763179779,0.2675398909153422,28.51985559566787,20260811.0,15.0
65k,65k*,65536,65536,384,217,0.8421502113342285,0.35111317254174396,37.78801843317972,20260811.0,15.0
16k,65k,16384,65536,384,245,0.8375333547592163,0.27169287628471306,29.38775510204082,20260811.0,15.0
16k*,65k*,16384,65536,384,325,0.8098591566085815,0.26174003774003773,32.61538461538461,20260811.0,15.0
16k,32k,16384,32768,384,265,0.8888764381408691,0.318447548258869,36.22641509433962,20260811.0,15.0
32k,65k,32768,65536,384,226,0.920127809047699,0.38799291907698985,39.823008849557525,20260811.0,15.0
16k*,65k,16384,65536,384,264,0.7504485845565796,0.23823557545148458,26.515151515151516,20260811.0,15.0
32k,65k*,32768,65536,384,246,0.8173558712005615,0.3070446039958235,30.48780487804878,20260811.0,15.0
16k,32k*,16384,32768,384,308,0.843431830406189,0.3150958799497761,31.493506493506494,20260811.0,15.0
16k*,32k*,16384,32768,384,347,0.8748937845230103,0.3497289693975573,33.14121037463977,20260811.0,15.0
32k*,65k,32768,65536,384,252,0.7981423139572144,0.30304189857761293,32.142857142857146,20260811.0,15.0
32k*,65k*,32768,65536,384,311,0.8948427438735962,0.3972819606260121,39.228295819935695,20260811.0,15.0
