tag,rate,rho_kl,p_kl,rho_flip,p_flip,rho_klbin
L12_131k_l067,0.028907922912205567,0.308904321159124,4.702459165699037e-08,0.12048278913449434,0.03700446125251465,0.21243416118712988
L12_16k_l022,0.08387698042870456,0.41357215080167553,7.98939603254739e-14,0.15826466266541808,0.006012203127120232,0.344891643121373
L12_16k_l0445,0.018083182640144666,0.312999922221358,3.05129953695795e-08,0.12151564806672287,0.03540217205274344,0.21719487933671527
L12_16k_l082,0.0374331550802139,0.3390499894443271,1.6654724961212875e-09,0.31818510084472934,1.7480600737479884e-08,0.26575577502101766
L12_65k_l072,0.023809523809523808,0.2663096256625074,2.895263080793534e-06,0.0453476095006058,0.4338812304169846,0.23819383686266657
L19_16k_l023,0.10881801125703565,-0.1503145590506561,0.00912096007381585,-0.10399890317808362,0.0720702255307905,-0.042255760450596036
L19_16k_l0279,0.05349439171699741,-0.010088556539517105,0.8618545579484471,0.0008863905000530235,0.9878019021519369,0.011134378392526954
L19_16k_l073,0.07962962962962963,0.03128168090756564,0.5894144207869955,0.01966972724205171,0.7343835689287285,-0.020572147116693435
L19_65k_l063,0.0499001996007984,-0.052353470594117706,0.366195336739455,0.027202582178893077,0.6388677585311173,0.03205386111847494
