arm,pos,act,token
free,1,0.0, In
free,2,0.0, the
free,3,0.0, small
free,4,0.0, village
free,5,0.0, of
free,6,0.0, Ram
free,7,0.0,garh
free,8,0.0," ,"
free,9,0.0, the
free,10,0.0, retired
free,11,0.0, policeman
free,12,0.0, Thakur
free,13,0.0, Bal
free,14,0.0,dev
free,15,0.0, Singh
free,16,0.0, (
free,17,0.0, San
free,18,0.0,jeev
free,19,0.0, Kumar
free,20,0.0, )
free,21,0.0, summons
free,22,0.0, a
free,23,0.0, pair
free,24,0.0, of
free,25,0.0, small
free,26,0.0, @
free,27,0.0,-@
free,28,0.0, time
free,29,0.0, thieves
free,30,0.0, that
free,31,0.0, he
free,32,0.0, had
free,33,0.0, once
free,34,0.0, arrested
free,35,0.0, .
free,36,0.0, Thakur
free,37,0.0, feels
free,38,0.0, that
free,39,0.0, the
free,40,5.129019260406494, duo
free,41,0.0, —
free,42,0.0, Ve
free,43,0.0,eru
free,44,0.0, (
free,45,0.0, Dhar
free,46,0.0,mend
free,47,0.0,ra
free,48,0.0, )
free,49,0.0, and
free,50,0.0, Jai
free,51,0.0, (
free,52,0.0, Amit
free,53,0.0,abh
free,54,0.0, Bachchan
free,55,0.0, )
free,56,0.0, —
free,57,0.0, would
free,58,0.0, be
free,59,0.0, ideal
free,60,0.0, to
free,61,0.0, help
free,62,0.0, him
free,63,0.0, capture
free,64,0.0, Gab
free,65,0.0,bar
free,66,0.0, Singh
free,67,0.0, (
free,68,0.0, Am
free,69,0.0,jad
free,70,0.0, Khan
free,71,0.0, )
free,72,0.0," ,"
free,73,0.0, a
free,74,0.0, da
free,75,0.0,co
free,76,0.0,it
free,77,0.0, wanted
free,78,0.0, by
free,79,0.0, the
free,80,0.0, authorities
free,81,0.0, for
free,82,0.0, a
free,83,0.0, ₹
free,84,0.0, 
free,85,0.0,5
free,86,0.0,0
free,87,0.0, @
free,88,0.0,",@"
free,89,0.0, 
free,90,0.0,0
free,91,0.0,0
free,92,0.0,0
free,93,0.0, reward
free,94,0.0, .
free,95,0.0, Thakur
free,96,0.0, tells
free,97,0.0, them
free,98,0.0, to
free,99,0.0, surrender
free,100,9.212136268615723, Gab
free,101,6.152824878692627,bar
free,102,0.0, to
free,103,0.0, him
free,104,0.0," ,"
free,105,0.0, alive
free,106,0.0," ,"
free,107,0.0, for
free,108,0.0, an
free,109,0.0, additional
free,110,0.0, ₹
free,111,0.0, 
free,112,0.0,2
free,113,0.0,0
free,114,0.0, @
free,115,0.0,",@"
free,116,0.0, 
free,117,0.0,0
free,118,0.0,0
free,119,0.0,0
free,120,0.0, reward
free,121,0.0, .
free,122,0.0, The
free,123,0.0, two
free,124,0.0, thieves
free,125,0.0, thwart
free,126,0.0, the
free,127,6.122049808502197, da
free,128,0.0,co
free,129,0.0,its
free,130,0.0, sent
free,131,0.0, by
free,132,5.796815395355225, Gab
free,133,0.0,bar
free,134,0.0, to
free,135,0.0, ext
free,136,0.0,ort
free,137,0.0, the
free,138,0.0, villagers
free,139,0.0, .
free,140,0.0, Soon
free,141,0.0, afterwards
free,142,0.0," ,"
free,143,11.900077819824219, Gab
free,144,5.738379955291748,bar
free,145,0.0, and
free,146,0.0, his
free,147,0.0, go
free,148,0.0,ons
free,149,0.0, attack
free,150,0.0, Ram
free,151,0.0,garh
free,152,0.0, during
free,153,0.0, the
free,154,0.0, festival
free,155,0.0, of
free,156,0.0, Holi
free,157,0.0, .
free,158,0.0, In
free,159,0.0, a
free,160,0.0, tough
free,161,0.0, battle
free,162,0.0," ,"
free,163,0.0, Ve
free,164,0.0,eru
free,165,0.0, and
free,166,0.0, Jai
free,167,0.0, are
free,168,0.0, corner
free,169,0.0,ed
free,170,0.0, .
free,171,0.0, Thakur
free,172,0.0," ,"
free,173,0.0, although
free,174,0.0, he
free,175,0.0, has
free,176,0.0, a
free,177,0.0, gun
free,178,0.0, within
free,179,0.0, his
free,180,0.0, reach
free,181,0.0," ,"
free,182,0.0, does
free,183,0.0, not
free,184,0.0, help
free,185,0.0, them
free,186,0.0, .
free,187,0.0, Ve
free,188,5.433593273162842,eru
free,189,2.7483012676239014, and
free,190,6.069521903991699, Jai
free,191,0.0, fight
free,192,0.0, back
free,193,0.0, and
free,194,0.0, the
free,195,0.0, bandits
free,196,0.0, flee
free,197,0.0, .
free,198,0.0, The
free,199,0.0, two
free,200,0.0, are
free,201,0.0," ,"
free,202,0.0, however
free,203,0.0," ,"
free,204,0.0, upset
free,205,0.0, at
free,206,0.0, Thakur
free,207,0.0, '
free,208,0.0,s
free,209,0.0, inaction
free,210,0.0," ,"
free,211,0.0, and
free,212,0.0, consider
free,213,0.0, leaving
free,214,0.0, the
free,215,0.0, village
free,216,0.0, .
free,217,0.0, Thakur
free,218,0.0, explains
free,219,0.0, that
free,220,10.034676551818848, Gab
free,221,4.612454891204834,bar
free,222,0.0, had
free,223,0.0, killed
free,224,0.0, nearly
free,225,0.0, all
free,226,0.0, of
free,227,0.0, his
free,228,0.0, family
free,229,0.0, members
free,230,0.0," ,"
free,231,0.0, and
free,232,0.0, cut
free,233,0.0, off
free,234,0.0, both
free,235,0.0, his
free,236,0.0, arms
free,237,0.0, a
free,238,0.0, few
free,239,0.0, years
free,240,0.0, earlier
free,241,0.0," ,"
free,242,0.0, which
free,243,0.0, is
free,244,0.0, why
free,245,0.0, he
free,246,0.0, could
free,247,0.0, not
free,248,0.0, use
free,249,0.0, the
free,250,0.0, gun
free,251,0.0, .
free,252,0.0, He
free,253,0.0, had
free,254,0.0, concealed
free,255,3.083395004272461, the
free,256,2.5960440635681152, dis
free,257,0.0,member
free,258,0.0,ment
free,259,0.0, by
free,260,0.0, always
free,261,0.0, wearing
free,262,0.0, a
free,263,0.0, shawl
free,264,0.0, .
free,265,0.0, Sk
free,266,0.0,ir
free,267,0.0,mishes
free,268,0.0, between
free,269,8.178239822387695, Gab
free,270,0.0,bar
free,271,0.0, '
free,272,0.0,s
free,273,0.0, gang
free,274,0.0, and
free,275,0.0, Jai
free,276,0.0, @
free,277,0.0,-@
free,278,0.0, Ve
free,279,0.0,eru
free,280,0.0, finally
free,281,0.0, result
free,282,0.0, in
free,283,0.0, the
free,284,0.0, capture
free,285,3.6584842205047607, of
free,286,4.176159381866455, Ve
free,287,6.938017845153809,eru
free,288,4.285641193389893, and
free,289,0.0, Bas
free,290,0.0,anti
free,291,0.0, by
free,292,0.0, the
free,293,0.0, da
free,294,0.0,co
free,295,0.0,its
free,296,0.0, .
free,297,0.0, Jai
free,298,0.0, attacks
free,299,0.0, the
free,300,0.0, gang
free,301,0.0," ,"
free,302,0.0, and
free,303,0.0, the
free,304,5.996879577636719, three
free,305,3.293745756149292, are
free,306,0.0, able
free,307,0.0, to
free,308,0.0, flee
free,309,0.0, Gab
free,310,0.0,bar
free,311,0.0, '
free,312,0.0,s
free,313,0.0, hide
free,314,0.0,out
free,315,0.0, with
free,316,0.0, da
free,317,0.0,co
free,318,0.0,its
free,319,0.0, in
free,320,0.0, pursuit
free,321,0.0, .
free,322,0.0, Fighting
free,323,0.0, from
free,324,0.0, behind
free,325,0.0, a
free,326,0.0, rock
free,327,0.0," ,"
free,328,0.0, Jai
free,329,0.0, and
free,330,8.920230865478516, Ve
free,331,3.478316307067871,eru
free,332,0.0, nearly
free,333,0.0, run
free,334,0.0, out
free,335,0.0, of
free,336,0.0, ammunition
free,337,0.0, .
free,338,0.0, Ve
free,339,0.0,eru
free,340,0.0," ,"
free,341,0.0, unaware
free,342,0.0, that
free,343,4.362004280090332, Jai
free,344,0.0, was
free,345,3.712116003036499, wounded
free,346,0.0, in
free,347,0.0, the
free,348,0.0, gun
free,349,0.0,fight
free,350,0.0," ,"
free,351,0.0, is
free,352,0.0, forced
free,353,0.0, to
free,354,0.0, leave
free,355,0.0, for
free,356,0.0, more
free,357,0.0, ammunition
free,358,0.0, .
free,359,0.0, Meanwhile
free,360,0.0," ,"
free,361,9.85221004486084, Jai
free,362,4.220761299133301," ,"
free,363,4.08908224105835, who
free,364,4.723407745361328, is
free,365,0.0, continuing
free,366,0.0, the
free,367,3.5845494270324707, gun
free,368,0.0,fight
free,369,0.0, single
free,370,0.0,handedly
free,371,0.0," ,"
free,372,0.0, decides
free,373,0.0, to
free,374,0.0, sacrifice
free,375,0.0, himself
free,376,0.0, by
free,377,0.0, using
free,378,0.0, his
free,379,0.0, last
free,380,0.0, bullet
free,381,0.0, to
free,382,0.0, ignite
free,383,0.0, dynamite
free,384,0.0, sticks
free,385,0.0, on
free,386,0.0, a
free,387,0.0, bridge
free,388,0.0, from
free,389,0.0, close
free,390,0.0, range
free,391,0.0, .
free,392,4.396739959716797, Ve
free,393,6.653796672821045,eru
free,394,0.0, returns
free,395,0.0," ,"
free,396,0.0, and
free,397,10.629281044006348, Jai
free,398,0.0, dies
free,399,0.0, in
free,400,0.0, his
free,401,0.0, arms
free,402,0.0, .
free,403,0.0, En
free,404,0.0,raged
free,405,0.0," ,"
free,406,3.7031257152557373, Ve
free,407,0.0,eru
free,408,0.0, attacks
free,409,8.603008270263672, Gab
free,410,6.503334045410156,bar
free,411,0.0, '
free,412,2.8703391551971436,s
free,413,0.0, den
free,414,0.0, and
free,415,0.0, catches
free,416,4.870655536651611, the
free,417,4.044824600219727, da
free,418,0.0,co
free,419,9.010865211486816,it
free,420,0.0, .
free,421,0.0, Ve
free,422,0.0,eru
free,423,0.0, nearly
free,424,0.0, beats
free,425,10.477286338806152, Gab
free,426,9.504138946533203,bar
free,427,0.0, to
free,428,0.0, death
free,429,0.0, when
free,430,0.0, Thakur
free,431,0.0, appears
free,432,0.0, and
free,433,0.0, reminds
free,434,0.0, Ve
free,435,0.0,eru
free,436,0.0, of
free,437,0.0, the
free,438,0.0, promise
free,439,0.0, to
free,440,0.0, hand
free,441,0.0, over
free,442,13.983200073242188, Gab
free,443,10.099434852600098,bar
free,444,0.0, alive
free,445,0.0, .
free,446,0.0, Thakur
free,447,0.0, uses
free,448,0.0, his
free,449,0.0, spike
free,450,0.0, @
free,451,0.0,-@
free,452,0.0, so
free,453,0.0,led
free,454,0.0, shoes
free,455,0.0, to
free,456,0.0, severely
free,457,3.25994873046875, injure
free,458,16.71310806274414, Gab
free,459,13.934929847717285,bar
free,460,0.0, and
free,461,0.0, destroy
free,462,0.0, his
free,463,8.96068286895752, hands
free,464,0.0, .
free,465,0.0, The
free,466,0.0, police
free,467,0.0, then
free,468,0.0, arrive
free,469,0.0, and
free,470,0.0, arrest
free,471,14.515657424926758, Gab
free,472,13.4899263381958,bar
free,473,0.0, .
free,474,0.0, After
free,475,12.065890312194824, Jai
free,476,0.0, '
free,477,3.019702672958374,s
free,478,0.0, funeral
free,479,0.0," ,"
free,480,4.988414287567139, Ve
free,481,0.0,eru
free,482,0.0, leaves
free,483,0.0, Ram
free,484,0.0,garh
free,485,0.0, and
free,486,0.0, finds
free,487,6.932971954345703, Bas
free,488,3.899818181991577,anti
free,489,0.0, waiting
free,490,0.0, for
free,491,0.0, him
free,492,0.0, on
free,493,0.0, the
free,494,0.0, train
free,495,0.0, .
free,496,0.0, Radha
free,497,0.0, is
free,498,0.0, left
free,499,0.0, alone
free,500,0.0, again
free,501,0.0, .
free,502,0.0, The
free,503,0.0, idea
free,504,0.0, for
free,505,0.0, Sho
free,506,0.0,lay
free,507,0.0, began
free,508,0.0, as
free,509,0.0, a
free,510,0.0, four
free,511,0.0, @
tau090,1,0.0, In
tau090,2,0.0, the
tau090,3,0.0, small
tau090,4,0.0, village
tau090,5,0.0, of
tau090,6,0.0, Ram
tau090,7,0.0,garh
tau090,8,0.0," ,"
tau090,9,0.0, the
tau090,10,0.0, retired
tau090,11,0.0, policeman
tau090,12,0.0, Thakur
tau090,13,0.0, Bal
tau090,14,0.0,dev
tau090,15,0.0, Singh
tau090,16,0.0, (
tau090,17,0.0, San
tau090,18,0.0,jeev
tau090,19,0.0, Kumar
tau090,20,0.0, )
tau090,21,0.0, summons
tau090,22,0.0, a
tau090,23,0.0, pair
tau090,24,0.0, of
tau090,25,0.0, small
tau090,26,0.0, @
tau090,27,0.0,-@
tau090,28,0.0, time
tau090,29,0.0, thieves
tau090,30,0.0, that
tau090,31,0.0, he
tau090,32,0.0, had
tau090,33,0.0, once
tau090,34,0.0, arrested
tau090,35,0.0, .
tau090,36,0.0, Thakur
tau090,37,0.0, feels
tau090,38,0.0, that
tau090,39,0.0, the
tau090,40,7.5101637840271, duo
tau090,41,0.0, —
tau090,42,0.0, Ve
tau090,43,0.0,eru
tau090,44,0.0, (
tau090,45,0.0, Dhar
tau090,46,0.0,mend
tau090,47,0.0,ra
tau090,48,0.0, )
tau090,49,0.0, and
tau090,50,0.0, Jai
tau090,51,0.0, (
tau090,52,0.0, Amit
tau090,53,0.0,abh
tau090,54,0.0, Bachchan
tau090,55,0.0, )
tau090,56,0.0, —
tau090,57,0.0, would
tau090,58,0.0, be
tau090,59,0.0, ideal
tau090,60,0.0, to
tau090,61,0.0, help
tau090,62,0.0, him
tau090,63,0.0, capture
tau090,64,0.0, Gab
tau090,65,0.0,bar
tau090,66,0.0, Singh
tau090,67,0.0, (
tau090,68,0.0, Am
tau090,69,0.0,jad
tau090,70,0.0, Khan
tau090,71,0.0, )
tau090,72,0.0," ,"
tau090,73,0.0, a
tau090,74,0.0, da
tau090,75,0.0,co
tau090,76,0.0,it
tau090,77,0.0, wanted
tau090,78,0.0, by
tau090,79,0.0, the
tau090,80,0.0, authorities
tau090,81,0.0, for
tau090,82,0.0, a
tau090,83,0.0, ₹
tau090,84,0.0, 
tau090,85,0.0,5
tau090,86,0.0,0
tau090,87,0.0, @
tau090,88,0.0,",@"
tau090,89,0.0, 
tau090,90,0.0,0
tau090,91,0.0,0
tau090,92,0.0,0
tau090,93,0.0, reward
tau090,94,0.0, .
tau090,95,0.0, Thakur
tau090,96,0.0, tells
tau090,97,0.0, them
tau090,98,0.0, to
tau090,99,0.0, surrender
tau090,100,7.67993688583374, Gab
tau090,101,6.479365348815918,bar
tau090,102,0.0, to
tau090,103,0.0, him
tau090,104,0.0," ,"
tau090,105,0.0, alive
tau090,106,0.0," ,"
tau090,107,0.0, for
tau090,108,0.0, an
tau090,109,0.0, additional
tau090,110,0.0, ₹
tau090,111,0.0, 
tau090,112,0.0,2
tau090,113,0.0,0
tau090,114,0.0, @
tau090,115,0.0,",@"
tau090,116,0.0, 
tau090,117,0.0,0
tau090,118,0.0,0
tau090,119,0.0,0
tau090,120,0.0, reward
tau090,121,0.0, .
tau090,122,0.0, The
tau090,123,0.0, two
tau090,124,0.0, thieves
tau090,125,0.0, thwart
tau090,126,0.0, the
tau090,127,0.0, da
tau090,128,0.0,co
tau090,129,0.0,its
tau090,130,0.0, sent
tau090,131,0.0, by
tau090,132,0.0, Gab
tau090,133,0.0,bar
tau090,134,0.0, to
tau090,135,0.0, ext
tau090,136,0.0,ort
tau090,137,0.0, the
tau090,138,0.0, villagers
tau090,139,0.0, .
tau090,140,0.0, Soon
tau090,141,0.0, afterwards
tau090,142,0.0," ,"
tau090,143,7.659317970275879, Gab
tau090,144,0.0,bar
tau090,145,0.0, and
tau090,146,0.0, his
tau090,147,0.0, go
tau090,148,0.0,ons
tau090,149,0.0, attack
tau090,150,0.0, Ram
tau090,151,0.0,garh
tau090,152,0.0, during
tau090,153,0.0, the
tau090,154,0.0, festival
tau090,155,0.0, of
tau090,156,0.0, Holi
tau090,157,0.0, .
tau090,158,0.0, In
tau090,159,0.0, a
tau090,160,0.0, tough
tau090,161,0.0, battle
tau090,162,0.0," ,"
tau090,163,0.0, Ve
tau090,164,0.0,eru
tau090,165,0.0, and
tau090,166,0.0, Jai
tau090,167,0.0, are
tau090,168,0.0, corner
tau090,169,0.0,ed
tau090,170,0.0, .
tau090,171,0.0, Thakur
tau090,172,0.0," ,"
tau090,173,0.0, although
tau090,174,0.0, he
tau090,175,0.0, has
tau090,176,0.0, a
tau090,177,0.0, gun
tau090,178,0.0, within
tau090,179,0.0, his
tau090,180,0.0, reach
tau090,181,0.0," ,"
tau090,182,0.0, does
tau090,183,0.0, not
tau090,184,0.0, help
tau090,185,5.232128143310547, them
tau090,186,0.0, .
tau090,187,0.0, Ve
tau090,188,6.805163860321045,eru
tau090,189,3.6620943546295166, and
tau090,190,0.0, Jai
tau090,191,0.0, fight
tau090,192,0.0, back
tau090,193,0.0, and
tau090,194,0.0, the
tau090,195,6.9885101318359375, bandits
tau090,196,0.0, flee
tau090,197,0.0, .
tau090,198,0.0, The
tau090,199,0.0, two
tau090,200,0.0, are
tau090,201,0.0," ,"
tau090,202,0.0, however
tau090,203,0.0," ,"
tau090,204,0.0, upset
tau090,205,0.0, at
tau090,206,0.0, Thakur
tau090,207,0.0, '
tau090,208,0.0,s
tau090,209,0.0, inaction
tau090,210,0.0," ,"
tau090,211,0.0, and
tau090,212,0.0, consider
tau090,213,0.0, leaving
tau090,214,0.0, the
tau090,215,0.0, village
tau090,216,0.0, .
tau090,217,0.0, Thakur
tau090,218,0.0, explains
tau090,219,0.0, that
tau090,220,7.775302886962891, Gab
tau090,221,6.011715412139893,bar
tau090,222,5.5729851722717285, had
tau090,223,0.0, killed
tau090,224,0.0, nearly
tau090,225,0.0, all
tau090,226,0.0, of
tau090,227,0.0, his
tau090,228,0.0, family
tau090,229,0.0, members
tau090,230,0.0," ,"
tau090,231,0.0, and
tau090,232,0.0, cut
tau090,233,0.0, off
tau090,234,0.0, both
tau090,235,4.307164192199707, his
tau090,236,0.0, arms
tau090,237,0.0, a
tau090,238,0.0, few
tau090,239,0.0, years
tau090,240,0.0, earlier
tau090,241,4.937380313873291," ,"
tau090,242,5.2429704666137695, which
tau090,243,0.0, is
tau090,244,0.0, why
tau090,245,0.0, he
tau090,246,4.40029239654541, could
tau090,247,0.0, not
tau090,248,0.0, use
tau090,249,0.0, the
tau090,250,0.0, gun
tau090,251,0.0, .
tau090,252,0.0, He
tau090,253,0.0, had
tau090,254,0.0, concealed
tau090,255,3.3960068225860596, the
tau090,256,4.12101411819458, dis
tau090,257,6.249844074249268,member
tau090,258,0.0,ment
tau090,259,0.0, by
tau090,260,0.0, always
tau090,261,0.0, wearing
tau090,262,0.0, a
tau090,263,0.0, shawl
tau090,264,0.0, .
tau090,265,0.0, Sk
tau090,266,0.0,ir
tau090,267,0.0,mishes
tau090,268,0.0, between
tau090,269,5.663206100463867, Gab
tau090,270,0.0,bar
tau090,271,0.0, '
tau090,272,0.0,s
tau090,273,5.53184175491333, gang
tau090,274,0.0, and
tau090,275,0.0, Jai
tau090,276,0.0, @
tau090,277,0.0,-@
tau090,278,0.0, Ve
tau090,279,0.0,eru
tau090,280,0.0, finally
tau090,281,0.0, result
tau090,282,0.0, in
tau090,283,0.0, the
tau090,284,4.401516914367676, capture
tau090,285,5.61923360824585, of
tau090,286,5.33793830871582, Ve
tau090,287,12.633667945861816,eru
tau090,288,7.962000370025635, and
tau090,289,0.0, Bas
tau090,290,0.0,anti
tau090,291,0.0, by
tau090,292,0.0, the
tau090,293,0.0, da
tau090,294,0.0,co
tau090,295,0.0,its
tau090,296,0.0, .
tau090,297,0.0, Jai
tau090,298,0.0, attacks
tau090,299,0.0, the
tau090,300,0.0, gang
tau090,301,0.0," ,"
tau090,302,0.0, and
tau090,303,0.0, the
tau090,304,6.326136589050293, three
tau090,305,4.760949611663818, are
tau090,306,0.0, able
tau090,307,0.0, to
tau090,308,0.0, flee
tau090,309,0.0, Gab
tau090,310,0.0,bar
tau090,311,0.0, '
tau090,312,0.0,s
tau090,313,0.0, hide
tau090,314,0.0,out
tau090,315,0.0, with
tau090,316,0.0, da
tau090,317,0.0,co
tau090,318,0.0,its
tau090,319,0.0, in
tau090,320,6.9310994148254395, pursuit
tau090,321,0.0, .
tau090,322,0.0, Fighting
tau090,323,0.0, from
tau090,324,0.0, behind
tau090,325,0.0, a
tau090,326,0.0, rock
tau090,327,0.0," ,"
tau090,328,0.0, Jai
tau090,329,0.0, and
tau090,330,0.0, Ve
tau090,331,0.0,eru
tau090,332,0.0, nearly
tau090,333,0.0, run
tau090,334,0.0, out
tau090,335,0.0, of
tau090,336,0.0, ammunition
tau090,337,0.0, .
tau090,338,0.0, Ve
tau090,339,0.0,eru
tau090,340,0.0," ,"
tau090,341,0.0, unaware
tau090,342,0.0, that
tau090,343,0.0, Jai
tau090,344,0.0, was
tau090,345,0.0, wounded
tau090,346,0.0, in
tau090,347,0.0, the
tau090,348,0.0, gun
tau090,349,0.0,fight
tau090,350,0.0," ,"
tau090,351,0.0, is
tau090,352,0.0, forced
tau090,353,0.0, to
tau090,354,0.0, leave
tau090,355,0.0, for
tau090,356,0.0, more
tau090,357,0.0, ammunition
tau090,358,0.0, .
tau090,359,0.0, Meanwhile
tau090,360,0.0," ,"
tau090,361,0.0, Jai
tau090,362,0.0," ,"
tau090,363,0.0, who
tau090,364,0.0, is
tau090,365,0.0, continuing
tau090,366,0.0, the
tau090,367,0.0, gun
tau090,368,0.0,fight
tau090,369,0.0, single
tau090,370,0.0,handedly
tau090,371,0.0," ,"
tau090,372,0.0, decides
tau090,373,0.0, to
tau090,374,0.0, sacrifice
tau090,375,0.0, himself
tau090,376,0.0, by
tau090,377,0.0, using
tau090,378,0.0, his
tau090,379,0.0, last
tau090,380,0.0, bullet
tau090,381,0.0, to
tau090,382,0.0, ignite
tau090,383,0.0, dynamite
tau090,384,0.0, sticks
tau090,385,0.0, on
tau090,386,0.0, a
tau090,387,0.0, bridge
tau090,388,0.0, from
tau090,389,0.0, close
tau090,390,0.0, range
tau090,391,0.0, .
tau090,392,0.0, Ve
tau090,393,0.0,eru
tau090,394,0.0, returns
tau090,395,0.0," ,"
tau090,396,0.0, and
tau090,397,9.401165008544922, Jai
tau090,398,7.884840488433838, dies
tau090,399,3.915809392929077, in
tau090,400,0.0, his
tau090,401,0.0, arms
tau090,402,4.687929630279541, .
tau090,403,0.0, En
tau090,404,0.0,raged
tau090,405,0.0," ,"
tau090,406,5.895897388458252, Ve
tau090,407,0.0,eru
tau090,408,0.0, attacks
tau090,409,5.841304302215576, Gab
tau090,410,4.729971885681152,bar
tau090,411,0.0, '
tau090,412,4.510868549346924,s
tau090,413,5.972776412963867, den
tau090,414,0.0, and
tau090,415,0.0, catches
tau090,416,6.023484706878662, the
tau090,417,5.820453643798828, da
tau090,418,0.0,co
tau090,419,9.862662315368652,it
tau090,420,0.0, .
tau090,421,0.0, Ve
tau090,422,0.0,eru
tau090,423,0.0, nearly
tau090,424,0.0, beats
tau090,425,9.267898559570312, Gab
tau090,426,7.834451198577881,bar
tau090,427,0.0, to
tau090,428,0.0, death
tau090,429,0.0, when
tau090,430,0.0, Thakur
tau090,431,0.0, appears
tau090,432,0.0, and
tau090,433,0.0, reminds
tau090,434,5.171465873718262, Ve
tau090,435,0.0,eru
tau090,436,0.0, of
tau090,437,0.0, the
tau090,438,0.0, promise
tau090,439,0.0, to
tau090,440,0.0, hand
tau090,441,0.0, over
tau090,442,13.404573440551758, Gab
tau090,443,11.26143741607666,bar
tau090,444,0.0, alive
tau090,445,0.0, .
tau090,446,0.0, Thakur
tau090,447,0.0, uses
tau090,448,0.0, his
tau090,449,0.0, spike
tau090,450,0.0, @
tau090,451,0.0,-@
tau090,452,0.0, so
tau090,453,0.0,led
tau090,454,0.0, shoes
tau090,455,0.0, to
tau090,456,6.042481422424316, severely
tau090,457,7.954061031341553, injure
tau090,458,12.943812370300293, Gab
tau090,459,11.542619705200195,bar
tau090,460,3.2875115871429443, and
tau090,461,0.0, destroy
tau090,462,7.473412036895752, his
tau090,463,11.865260124206543, hands
tau090,464,3.719226360321045, .
tau090,465,0.0, The
tau090,466,0.0, police
tau090,467,0.0, then
tau090,468,0.0, arrive
tau090,469,0.0, and
tau090,470,0.0, arrest
tau090,471,13.430280685424805, Gab
tau090,472,12.313406944274902,bar
tau090,473,0.0, .
tau090,474,0.0, After
tau090,475,7.391805171966553, Jai
tau090,476,0.0, '
tau090,477,6.769349575042725,s
tau090,478,0.0, funeral
tau090,479,0.0," ,"
tau090,480,0.0, Ve
tau090,481,0.0,eru
tau090,482,0.0, leaves
tau090,483,0.0, Ram
tau090,484,0.0,garh
tau090,485,0.0, and
tau090,486,0.0, finds
tau090,487,0.0, Bas
tau090,488,0.0,anti
tau090,489,0.0, waiting
tau090,490,0.0, for
tau090,491,3.6481900215148926, him
tau090,492,0.0, on
tau090,493,0.0, the
tau090,494,0.0, train
tau090,495,0.0, .
tau090,496,0.0, Radha
tau090,497,0.0, is
tau090,498,0.0, left
tau090,499,0.0, alone
tau090,500,0.0, again
tau090,501,0.0, .
tau090,502,0.0, The
tau090,503,0.0, idea
tau090,504,0.0, for
tau090,505,0.0, Sho
tau090,506,0.0,lay
tau090,507,0.0, began
tau090,508,0.0, as
tau090,509,0.0, a
tau090,510,0.0, four
tau090,511,0.0, @
