model,rule,n_paired,retained,pct_ab_perarm,pct_ab_shared,erho_perarm,erho_shared,gain,lo,hi
gemma2-2b,shared,93,131,7.611534442908767,0.0,0.7382266765223169,0.8688045030170594,0.12989046477748417,0.07359456557840739,0.20823041144971352
gemma2-2b,union,64,118,5.487085749350505,0.0,0.8138901153316345,0.9012146163561731,0.08476777902688654,0.03731080823853141,0.15102932960231352
gemma3-1b,shared,53,85,11.876696440151884,2.419626429337565,0.6340590543417252,0.7669387631264606,0.13786220523664738,0.024043732893096643,0.28953051545814606
gemma3-1b,union,36,66,7.433304946415342,6.280388763968211,0.7223403554262374,0.7550823348496755,0.036672196537560375,-0.04647344953799255,0.17132671151330894
qwen35-2b,shared,106,149,11.948484391570641,0.0,0.6038371788930396,0.8084329783879362,0.20145738770109117,0.1281798335884004,0.2829417448908761
qwen35-2b,union,84,132,11.036258486368435,0.0,0.6617374725338612,0.846118155551674,0.1770720319156291,0.10146378604048109,0.26599587265678803
olmo2-1b,shared,93,139,8.905677635624329,0.0,0.5420897823382749,0.8067162748041924,0.25860279601464625,0.14396432516375027,0.39025337008585465
olmo2-1b,union,66,126,10.05473306379003,0.0,0.5420247153663876,0.8240344638075167,0.27920744303889145,0.17408069462093928,0.41274394038675527
smollm3-3b,shared,88,144,12.699314223484828,0.0,0.5553035992979843,0.7962656915307538,0.23380840063075398,0.1614723962821546,0.3176536580215703
smollm3-3b,union,63,124,13.654129200048283,0.882485509270644,0.5808615036096861,0.8232765120000782,0.2321231580050132,0.13829694079253924,0.3413961575399005
qwen35-4b,shared,120,154,8.572744168784554,0.0,0.6099433839119784,0.7666468908711371,0.15580169460085508,0.07518455981660545,0.23480239917642448
qwen35-4b,union,90,141,7.1581187463354015,0.0,0.6702214938019003,0.8309238585855803,0.16091345348824654,0.10031491778085054,0.2244174601644577
